ID1,ID2,EdgeType,Score,Annotation
1,41,MS1 annotation,2.000,[M+H]+ [M+NH4]+ dm/z=17.0266
5,29,MS1 annotation,3.000,[M+Na]+ [M+NH4]+ dm/z=4.9526
5,607,MS1 annotation,3.000,[M+H]+ [M+NH4]+ dm/z=17.0275
13,15,MS1 annotation,2.000,[M+NH4]+ [M+Na]+ dm/z=4.9538
16,78,MS1 annotation,2.000,[M+NH4]+ [M+Na]+ dm/z=4.9560
19,55,MS1 annotation,2.000,[M+H]+ [M+Na]+ dm/z=21.9822
22,124,MS1 annotation,5.000,[M+H]+ [M+Na]+ dm/z=21.9826
22,499,MS1 annotation,5.500,[M-H2O+H]+ [M+Na]+ dm/z=39.9928
22,240,MS1 annotation,5.000,[M+Na]+ [M+Na]+ dm/z=0.0021
22,25,MS1 annotation,5.000,[M+NH4]+ [M+Na]+ dm/z=4.9563
25,124,MS1 annotation,5.000,[M+H]+ [M+NH4]+ dm/z=17.0263
25,499,MS1 annotation,5.500,[M-H2O+H]+ [M+NH4]+ dm/z=35.0365
25,240,MS1 annotation,5.000,[M+Na]+ [M+NH4]+ dm/z=4.9542
29,607,MS1 annotation,3.000,[M+H]+ [M+Na]+ dm/z=21.9801
32,102,MS1 annotation,3.000,[M+NH4]+ [M+Na]+ dm/z=4.9555
32,656,MS1 annotation,3.000,[M+NH4]+ [M+Na]+ dm/z=4.9566
39,46,MS1 annotation,4.000,[M+Na]+ [M+Na]+ dm/z=0.0001
39,113,MS1 annotation,4.000,[M+NH4]+ [M+Na]+ dm/z=4.9559
39,824,MS1 annotation,4.000,[M+NH4]+ [M+Na]+ dm/z=4.9559
42,108,MS1 annotation,5.000,[M+NH4]+ [M+Na]+ dm/z=4.9556
42,185,MS1 annotation,5.000,[M+NH4]+ [M+Na]+ dm/z=4.9554
42,879,MS1 annotation,5.000,[M+Na]+ [M+Na]+ dm/z=0.0011
42,820,MS1 annotation,5.000,[M+Na]+ [M+Na]+ dm/z=0.0015
43,947,MS1 annotation,2.000,[M+H]+ [M+NH4]+ dm/z=17.0267
44,49,MS1 annotation,2.500,[M-H2O+H]+ [M+Na]+ dm/z=39.9924
45,97,MS1 annotation,5.000,[M+NH4]+ [M+H]+ dm/z=17.0268
45,6363,MS1 annotation,5.500,[2M+Na]+ [M+H]+ dm/z=397.2331
45,6322,MS1 annotation,5.500,[2M+NH4]+ [M+H]+ dm/z=392.2783
45,518,MS1 annotation,5.000,[M+Na]+ [M+H]+ dm/z=21.9820
46,113,MS1 annotation,4.000,[M+NH4]+ [M+Na]+ dm/z=4.9560
46,824,MS1 annotation,4.000,[M+NH4]+ [M+Na]+ dm/z=4.9560
48,72,MS1 annotation,6.000,[M+H]+ [M+H]+ dm/z=0.0006
48,237,MS1 annotation,6.000,[M+Na]+ [M+H]+ dm/z=21.9779
48,226,MS1 annotation,6.000,[M+Na]+ [M+H]+ dm/z=21.9795
48,68,MS1 annotation,6.000,[M+H]+ [M+H]+ dm/z=0.0002
48,117,MS1 annotation,6.000,[M+Na]+ [M+H]+ dm/z=21.9783
49,12854,MS1 annotation,2.000,[M+H]+ [M+NH4]+ dm/z=17.0273
50,125,MS1 annotation,6.000,[M+NH4]+ [M+Na]+ dm/z=4.9559
50,63,MS1 annotation,6.000,[M+Na]+ [M+Na]+ dm/z=0.0001
50,1125,MS1 annotation,6.000,[M+NH4]+ [M+Na]+ dm/z=4.9560
50,131,MS1 annotation,6.000,[M+Na]+ [M+Na]+ dm/z=0.0001
50,274,MS1 annotation,6.000,[M+NH4]+ [M+Na]+ dm/z=4.9560
56,73,MS1 annotation,2.000,[M+NH4]+ [M+Na]+ dm/z=4.9533
63,125,MS1 annotation,6.000,[M+NH4]+ [M+Na]+ dm/z=4.9560
63,1125,MS1 annotation,6.000,[M+NH4]+ [M+Na]+ dm/z=4.9561
63,131,MS1 annotation,6.000,[M+Na]+ [M+Na]+ dm/z=0.0002
63,274,MS1 annotation,6.000,[M+NH4]+ [M+Na]+ dm/z=4.9561
68,72,MS1 annotation,6.000,[M+H]+ [M+H]+ dm/z=0.0007
68,237,MS1 annotation,6.000,[M+Na]+ [M+H]+ dm/z=21.9777
68,226,MS1 annotation,6.000,[M+Na]+ [M+H]+ dm/z=21.9794
68,117,MS1 annotation,6.000,[M+Na]+ [M+H]+ dm/z=21.9782
69,91,MS1 annotation,3.000,[M+H]+ [M+Na]+ dm/z=21.9818
69,1209,MS1 annotation,3.000,[M+NH4]+ [M+Na]+ dm/z=4.9552
72,237,MS1 annotation,6.000,[M+Na]+ [M+H]+ dm/z=21.9784
72,226,MS1 annotation,6.000,[M+Na]+ [M+H]+ dm/z=21.9801
72,117,MS1 annotation,6.000,[M+Na]+ [M+H]+ dm/z=21.9789
79,382,MS1 annotation,2.000,[M-H2O+H]+ [M+Na]+ dm/z=39.9951
81,428,MS1 annotation,8.000,[M+H]+ [M+H]+ dm/z=0.0011
81,877,MS1 annotation,8.000,[M+Na]+ [M+H]+ dm/z=21.9782
81,258,MS1 annotation,8.000,[M+Na]+ [M+H]+ dm/z=21.9784
81,8488,MS1 annotation,8.000,[M+Na]+ [M+H]+ dm/z=21.9778
81,2361,MS1 annotation,8.000,[M+Na]+ [M+H]+ dm/z=21.9780
81,460,MS1 annotation,8.000,[M+H]+ [M+H]+ dm/z=0.0010
81,611,MS1 annotation,8.000,[M+H]+ [M+H]+ dm/z=0.0009
91,1209,MS1 annotation,3.000,[M+NH4]+ [M+H]+ dm/z=17.0266
93,94,MS1 annotation,4.000,[M+H]+ [M+H]+ dm/z=0.0007
93,782,MS1 annotation,4.000,[M+H]+ [M+H]+ dm/z=0.0033
93,253,MS1 annotation,4.000,[M+Na]+ [M+H]+ dm/z=21.9784
94,782,MS1 annotation,4.000,[M+H]+ [M+H]+ dm/z=0.0026
94,253,MS1 annotation,4.000,[M+Na]+ [M+H]+ dm/z=21.9777
97,6363,MS1 annotation,5.500,[2M+Na]+ [M+NH4]+ dm/z=380.2063
97,6322,MS1 annotation,5.500,[2M+NH4]+ [M+NH4]+ dm/z=375.2515
97,518,MS1 annotation,5.000,[M+Na]+ [M+NH4]+ dm/z=4.9552
100,109,MS1 annotation,3.000,[M+NH4]+ [M+Na]+ dm/z=4.9541
100,439,MS1 annotation,3.000,[M+K]+ [M+Na]+ dm/z=15.9729
102,656,MS1 annotation,3.000,[M+NH4]+ [M+NH4]+ dm/z=0.0010
108,185,MS1 annotation,5.000,[M+NH4]+ [M+NH4]+ dm/z=0.0003
108,879,MS1 annotation,5.000,[M+Na]+ [M+NH4]+ dm/z=4.9545
108,820,MS1 annotation,5.000,[M+Na]+ [M+NH4]+ dm/z=4.9571
109,439,MS1 annotation,3.000,[M+K]+ [M+NH4]+ dm/z=20.9271
113,824,MS1 annotation,4.000,[M+NH4]+ [M+NH4]+ dm/z=0.0000
114,138,MS1 annotation,4.000,[M+Na]+ [M+Na]+ dm/z=0.0002
114,241,MS1 annotation,4.000,[M+NH4]+ [M+Na]+ dm/z=4.9549
114,6730,MS1 annotation,4.000,[M+NH4]+ [M+Na]+ dm/z=4.9553
117,237,MS1 annotation,6.000,[M+Na]+ [M+Na]+ dm/z=0.0005
117,226,MS1 annotation,6.000,[M+Na]+ [M+Na]+ dm/z=0.0012
120,829,MS1 annotation,3.000,[M+NH4]+ [M+Na]+ dm/z=4.9549
120,263,MS1 annotation,3.000,[M+NH4]+ [M+Na]+ dm/z=4.9558
121,454,MS1 annotation,4.000,[M+Na]+ [M+Na]+ dm/z=0.0002
121,511,MS1 annotation,4.000,[M+H]+ [M+Na]+ dm/z=21.9821
121,578,MS1 annotation,4.000,[M+H]+ [M+Na]+ dm/z=21.9824
124,499,MS1 annotation,5.500,[M-H2O+H]+ [M+H]+ dm/z=18.0102
124,240,MS1 annotation,5.000,[M+Na]+ [M+H]+ dm/z=21.9805
125,1125,MS1 annotation,6.000,[M+NH4]+ [M+NH4]+ dm/z=0.0001
125,131,MS1 annotation,6.000,[M+Na]+ [M+NH4]+ dm/z=4.9558
125,274,MS1 annotation,6.000,[M+NH4]+ [M+NH4]+ dm/z=0.0000
128,334,MS1 annotation,2.000,[M+Na]+ [M+H]+ dm/z=21.9783
130,163,MS1 annotation,3.000,[M+H]+ [M+H]+ dm/z=0.0001
130,354,MS1 annotation,3.000,[M+Na]+ [M+H]+ dm/z=21.9780
131,1125,MS1 annotation,6.000,[M+NH4]+ [M+Na]+ dm/z=4.9559
131,274,MS1 annotation,6.000,[M+NH4]+ [M+Na]+ dm/z=4.9559
137,322,MS1 annotation,4.000,[M+NH4]+ [M+Na]+ dm/z=4.9553
137,337,MS1 annotation,4.000,[M+NH4]+ [M+Na]+ dm/z=4.9553
137,157,MS1 annotation,4.000,[M+Na]+ [M+Na]+ dm/z=0.0006
138,241,MS1 annotation,4.000,[M+NH4]+ [M+Na]+ dm/z=4.9551
138,6730,MS1 annotation,4.000,[M+NH4]+ [M+Na]+ dm/z=4.9555
146,308,MS1 annotation,10.000,[M+NH4]+ [M+Na]+ dm/z=4.9561
146,194,MS1 annotation,10.000,[M+Na]+ [M+Na]+ dm/z=0.0001
146,410,MS1 annotation,10.000,[M+NH4]+ [M+Na]+ dm/z=4.9562
146,10541,MS1 annotation,10.000,[M+NH4]+ [M+Na]+ dm/z=4.9565
146,214,MS1 annotation,10.000,[M+Na]+ [M+Na]+ dm/z=0.0002
146,269,MS1 annotation,10.000,[M+Na]+ [M+Na]+ dm/z=0.0002
146,391,MS1 annotation,10.000,[M+NH4]+ [M+Na]+ dm/z=4.9566
146,678,MS1 annotation,10.000,[M+NH4]+ [M+Na]+ dm/z=4.9567
146,788,MS1 annotation,10.000,[M+Na]+ [M+Na]+ dm/z=0.0000
148,12442,MS1 annotation,5.000,[M+H]+ [M+Na]+ dm/z=21.9832
148,12441,MS1 annotation,5.000,[M+H]+ [M+Na]+ dm/z=21.9833
148,339,MS1 annotation,5.500,[M-H2O+H]+ [M+Na]+ dm/z=39.9939
148,249,MS1 annotation,5.000,[M+Na]+ [M+Na]+ dm/z=0.0001
157,322,MS1 annotation,4.000,[M+NH4]+ [M+Na]+ dm/z=4.9560
157,337,MS1 annotation,4.000,[M+NH4]+ [M+Na]+ dm/z=4.9560
163,354,MS1 annotation,3.000,[M+Na]+ [M+H]+ dm/z=21.9781
174,3885,MS1 annotation,2.000,[M+Na]+ [M+H]+ dm/z=21.9766
179,572,MS1 annotation,2.000,[M+Na]+ [M+H]+ dm/z=21.9797
185,879,MS1 annotation,5.000,[M+Na]+ [M+NH4]+ dm/z=4.9542
185,820,MS1 annotation,5.000,[M+Na]+ [M+NH4]+ dm/z=4.9569
194,308,MS1 annotation,10.000,[M+NH4]+ [M+Na]+ dm/z=4.9561
194,410,MS1 annotation,10.000,[M+NH4]+ [M+Na]+ dm/z=4.9563
194,10541,MS1 annotation,10.000,[M+NH4]+ [M+Na]+ dm/z=4.9566
194,214,MS1 annotation,10.000,[M+Na]+ [M+Na]+ dm/z=0.0002
194,269,MS1 annotation,10.000,[M+Na]+ [M+Na]+ dm/z=0.0003
194,391,MS1 annotation,10.000,[M+NH4]+ [M+Na]+ dm/z=4.9567
194,678,MS1 annotation,10.000,[M+NH4]+ [M+Na]+ dm/z=4.9567
194,788,MS1 annotation,10.000,[M+Na]+ [M+Na]+ dm/z=0.0001
214,308,MS1 annotation,10.000,[M+NH4]+ [M+Na]+ dm/z=4.9559
214,410,MS1 annotation,10.000,[M+NH4]+ [M+Na]+ dm/z=4.9561
214,10541,MS1 annotation,10.000,[M+NH4]+ [M+Na]+ dm/z=4.9563
214,269,MS1 annotation,10.000,[M+Na]+ [M+Na]+ dm/z=0.0000
214,391,MS1 annotation,10.000,[M+NH4]+ [M+Na]+ dm/z=4.9564
214,678,MS1 annotation,10.000,[M+NH4]+ [M+Na]+ dm/z=4.9565
214,788,MS1 annotation,10.000,[M+Na]+ [M+Na]+ dm/z=0.0002
215,443,MS1 annotation,2.000,[M+NH4]+ [M+Na]+ dm/z=4.9568
221,227,MS1 annotation,2.000,[M+Na]+ [M+H]+ dm/z=21.9818
226,237,MS1 annotation,6.000,[M+Na]+ [M+Na]+ dm/z=0.0017
240,499,MS1 annotation,5.500,[M-H2O+H]+ [M+Na]+ dm/z=39.9908
241,6730,MS1 annotation,4.000,[M+NH4]+ [M+NH4]+ dm/z=0.0004
249,12442,MS1 annotation,5.000,[M+H]+ [M+Na]+ dm/z=21.9833
249,12441,MS1 annotation,5.000,[M+H]+ [M+Na]+ dm/z=21.9834
249,339,MS1 annotation,5.500,[M-H2O+H]+ [M+Na]+ dm/z=39.9940
253,782,MS1 annotation,4.000,[M+H]+ [M+Na]+ dm/z=21.9751
258,428,MS1 annotation,8.000,[M+H]+ [M+Na]+ dm/z=21.9795
258,877,MS1 annotation,8.000,[M+Na]+ [M+Na]+ dm/z=0.0002
258,8488,MS1 annotation,8.000,[M+Na]+ [M+Na]+ dm/z=0.0006
258,2361,MS1 annotation,8.000,[M+Na]+ [M+Na]+ dm/z=0.0004
258,460,MS1 annotation,8.000,[M+H]+ [M+Na]+ dm/z=21.9774
258,611,MS1 annotation,8.000,[M+H]+ [M+Na]+ dm/z=21.9793
263,829,MS1 annotation,3.000,[M+NH4]+ [M+NH4]+ dm/z=0.0009
269,308,MS1 annotation,10.000,[M+NH4]+ [M+Na]+ dm/z=4.9559
269,410,MS1 annotation,10.000,[M+NH4]+ [M+Na]+ dm/z=4.9560
269,10541,MS1 annotation,10.000,[M+NH4]+ [M+Na]+ dm/z=4.9563
269,391,MS1 annotation,10.000,[M+NH4]+ [M+Na]+ dm/z=4.9564
269,678,MS1 annotation,10.000,[M+NH4]+ [M+Na]+ dm/z=4.9564
269,788,MS1 annotation,10.000,[M+Na]+ [M+Na]+ dm/z=0.0002
274,1125,MS1 annotation,6.000,[M+NH4]+ [M+NH4]+ dm/z=0.0000
308,410,MS1 annotation,10.000,[M+NH4]+ [M+NH4]+ dm/z=0.0002
308,10541,MS1 annotation,10.000,[M+NH4]+ [M+NH4]+ dm/z=0.0004
308,391,MS1 annotation,10.000,[M+NH4]+ [M+NH4]+ dm/z=0.0005
308,678,MS1 annotation,10.000,[M+NH4]+ [M+NH4]+ dm/z=0.0006
308,788,MS1 annotation,10.000,[M+Na]+ [M+NH4]+ dm/z=4.9561
322,337,MS1 annotation,4.000,[M+NH4]+ [M+NH4]+ dm/z=0.0000
339,12442,MS1 annotation,5.500,[M+H]+ [M-H2O+H]+ dm/z=18.0107
339,12441,MS1 annotation,5.500,[M+H]+ [M-H2O+H]+ dm/z=18.0106
356,12446,MS1 annotation,2.000,[M+H]+ [M+Na]+ dm/z=21.9823
391,410,MS1 annotation,10.000,[M+NH4]+ [M+NH4]+ dm/z=0.0004
391,10541,MS1 annotation,10.000,[M+NH4]+ [M+NH4]+ dm/z=0.0001
391,678,MS1 annotation,10.000,[M+NH4]+ [M+NH4]+ dm/z=0.0001
391,788,MS1 annotation,10.000,[M+Na]+ [M+NH4]+ dm/z=4.9566
410,10541,MS1 annotation,10.000,[M+NH4]+ [M+NH4]+ dm/z=0.0003
410,678,MS1 annotation,10.000,[M+NH4]+ [M+NH4]+ dm/z=0.0004
410,788,MS1 annotation,10.000,[M+Na]+ [M+NH4]+ dm/z=4.9562
419,442,MS1 annotation,2.000,[M-H2O+H]+ [M+Na]+ dm/z=39.9929
428,877,MS1 annotation,8.000,[M+Na]+ [M+H]+ dm/z=21.9793
428,8488,MS1 annotation,8.000,[M+Na]+ [M+H]+ dm/z=21.9789
428,2361,MS1 annotation,8.000,[M+Na]+ [M+H]+ dm/z=21.9791
428,460,MS1 annotation,8.000,[M+H]+ [M+H]+ dm/z=0.0021
428,611,MS1 annotation,8.000,[M+H]+ [M+H]+ dm/z=0.0002
431,671,MS1 annotation,2.000,[M+Na]+ [M+NH4]+ dm/z=4.9564
435,589,MS1 annotation,2.000,[M+H]+ [M+Na]+ dm/z=21.9822
454,511,MS1 annotation,4.000,[M+H]+ [M+Na]+ dm/z=21.9823
454,578,MS1 annotation,4.000,[M+H]+ [M+Na]+ dm/z=21.9827
460,877,MS1 annotation,8.000,[M+Na]+ [M+H]+ dm/z=21.9772
460,8488,MS1 annotation,8.000,[M+Na]+ [M+H]+ dm/z=21.9768
460,2361,MS1 annotation,8.000,[M+Na]+ [M+H]+ dm/z=21.9770
460,611,MS1 annotation,8.000,[M+H]+ [M+H]+ dm/z=0.0019
475,592,MS1 annotation,2.000,[M+H]+ [M+Na]+ dm/z=21.9819
502,11276,MS1 annotation,9.000,[M-H2O+H]+ [M+Na]+ dm/z=39.9921
502,1099,MS1 annotation,9.000,[M+K]+ [M+Na]+ dm/z=15.9735
502,1983,MS1 annotation,9.000,[M+Na]+ [M+Na]+ dm/z=0.0002
502,10135,MS1 annotation,9.500,[2M+Na]+ [M+Na]+ dm/z=380.2943
502,1150,MS1 annotation,9.000,[M+H]+ [M+Na]+ dm/z=21.9822
502,995,MS1 annotation,9.000,[M+NH4]+ [M+Na]+ dm/z=4.9558
502,1071,MS1 annotation,9.500,[M-H2O+H]+ [M+Na]+ dm/z=39.9924
503,507,MS1 annotation,5.000,[M+H]+ [M+Na]+ dm/z=21.9809
503,12440,MS1 annotation,5.000,[2M+H]+ [M+Na]+ dm/z=691.5583
503,8544,MS1 annotation,5.500,[2M+Na]+ [M+Na]+ dm/z=713.5384
503,509,MS1 annotation,5.000,[M-H2O+H]+ [M+Na]+ dm/z=39.9926
507,8544,MS1 annotation,5.500,[2M+Na]+ [M+H]+ dm/z=735.5194
507,12440,MS1 annotation,5.000,[2M+H]+ [M+H]+ dm/z=713.5392
507,509,MS1 annotation,5.000,[M-H2O+H]+ [M+H]+ dm/z=18.0117
509,8544,MS1 annotation,5.500,[2M+Na]+ [M-H2O+H]+ dm/z=753.5310
509,12440,MS1 annotation,5.000,[2M+H]+ [M-H2O+H]+ dm/z=731.5509
511,578,MS1 annotation,4.000,[M+H]+ [M+H]+ dm/z=0.0004
518,6363,MS1 annotation,5.500,[2M+Na]+ [M+Na]+ dm/z=375.2510
518,6322,MS1 annotation,5.500,[2M+NH4]+ [M+Na]+ dm/z=370.2963
560,9902,MS1 annotation,5.000,[M+K]+ [M+Na]+ dm/z=15.9743
560,2027,MS1 annotation,5.000,[M+H]+ [M+Na]+ dm/z=21.9826
560,4856,MS1 annotation,5.500,[2M+Na]+ [M+Na]+ dm/z=354.2761
560,2318,MS1 annotation,5.500,[M-H2O+H]+ [M+Na]+ dm/z=39.9932
564,569,MS1 annotation,6.000,[M+H]+ [M+Na]+ dm/z=21.9812
564,574,MS1 annotation,6.000,[M-H2O+H]+ [M+Na]+ dm/z=39.9890
564,10796,MS1 annotation,6.000,[M-H2O+H]+ [M+Na]+ dm/z=39.9889
564,12444,MS1 annotation,6.000,[2M+H]+ [M+Na]+ dm/z=691.5582
564,8600,MS1 annotation,6.500,[2M+Na]+ [M+Na]+ dm/z=713.5382
569,574,MS1 annotation,6.000,[M-H2O+H]+ [M+H]+ dm/z=18.0078
569,10796,MS1 annotation,6.000,[M-H2O+H]+ [M+H]+ dm/z=18.0078
569,12444,MS1 annotation,6.000,[2M+H]+ [M+H]+ dm/z=713.5394
569,8600,MS1 annotation,6.500,[2M+Na]+ [M+H]+ dm/z=735.5193
574,10796,MS1 annotation,6.000,[M-H2O+H]+ [M-H2O+H]+ dm/z=0.0001
574,12444,MS1 annotation,6.000,[2M+H]+ [M-H2O+H]+ dm/z=731.5472
594,8620,MS1 annotation,3.500,[2M+Na]+ [M+Na]+ dm/z=380.2927
594,1457,MS1 annotation,3.000,[M-H2O+H]+ [M+Na]+ dm/z=39.9928
611,877,MS1 annotation,8.000,[M+Na]+ [M+H]+ dm/z=21.9791
611,8488,MS1 annotation,8.000,[M+Na]+ [M+H]+ dm/z=21.9787
611,2361,MS1 annotation,8.000,[M+Na]+ [M+H]+ dm/z=21.9789
660,7028,MS1 annotation,3.500,[2M+Na]+ [M+Na]+ dm/z=390.2751
678,10541,MS1 annotation,10.000,[M+NH4]+ [M+NH4]+ dm/z=0.0001
678,788,MS1 annotation,10.000,[M+Na]+ [M+NH4]+ dm/z=4.9566
691,1251,MS1 annotation,4.000,[M+H]+ [M+Na]+ dm/z=21.9815
691,1545,MS1 annotation,4.500,[M-2H2O+H]+ [M+Na]+ dm/z=58.0027
691,1332,MS1 annotation,4.000,[M-H2O+H]+ [M+Na]+ dm/z=39.9920
692,1336,MS1 annotation,5.500,[M-2H2O+H]+ [M+Na]+ dm/z=58.0038
692,1275,MS1 annotation,5.500,[M-H2O+H]+ [M+Na]+ dm/z=39.9931
692,695,MS1 annotation,5.000,[M+Na]+ [M+Na]+ dm/z=0.0008
695,1336,MS1 annotation,5.500,[M-2H2O+H]+ [M+Na]+ dm/z=58.0031
695,1275,MS1 annotation,5.500,[M-H2O+H]+ [M+Na]+ dm/z=39.9924
697,1153,MS1 annotation,7.500,[M-2H2O+H]+ [M+Na]+ dm/z=58.0028
697,1647,MS1 annotation,7.000,[M+NH4]+ [M+Na]+ dm/z=4.9553
697,1161,MS1 annotation,7.500,[M-H2O+H]+ [M+Na]+ dm/z=39.9924
717,2858,MS1 annotation,2.000,[M+Na]+ [M+H]+ dm/z=21.9823
726,2604,MS1 annotation,2.000,[M+Na]+ [M+H]+ dm/z=21.9826
728,1973,MS1 annotation,2.000,[M+Na]+ [M+H]+ dm/z=21.9823
734,3828,MS1 annotation,2.000,[M+Na]+ [M+H]+ dm/z=21.9833
739,1286,MS1 annotation,2.000,[M+NH4]+ [M+Na]+ dm/z=4.9566
772,9200,MS1 annotation,2.500,[M-H2O+H]+ [M+Na]+ dm/z=39.9920
788,10541,MS1 annotation,10.000,[M+NH4]+ [M+Na]+ dm/z=4.9565
820,879,MS1 annotation,5.000,[M+Na]+ [M+Na]+ dm/z=0.0026
825,1232,MS1 annotation,7.000,[M+H]+ [M+Na]+ dm/z=21.9833
825,991,MS1 annotation,7.000,[M+H]+ [M+Na]+ dm/z=21.9823
825,1069,MS1 annotation,7.000,[M+K]+ [M+Na]+ dm/z=15.9741
825,7685,MS1 annotation,7.500,[2M+Na]+ [M+Na]+ dm/z=378.2798
825,1029,MS1 annotation,7.500,[M-H2O+H]+ [M+Na]+ dm/z=39.9924
825,7668,MS1 annotation,7.000,[M+H]+ [M+Na]+ dm/z=21.9813
844,1365,MS1 annotation,4.500,[M-H2O+H]+ [M+Na]+ dm/z=39.9925
844,1129,MS1 annotation,4.000,[M+K]+ [M+Na]+ dm/z=15.9737
844,1901,MS1 annotation,4.500,[2M+Na]+ [M+Na]+ dm/z=378.2780
861,2332,MS1 annotation,2.000,[M+Na]+ [M+H]+ dm/z=21.9844
877,8488,MS1 annotation,8.000,[M+Na]+ [M+Na]+ dm/z=0.0004
877,2361,MS1 annotation,8.000,[M+Na]+ [M+Na]+ dm/z=0.0002
915,7679,MS1 annotation,3.500,[M+H]+ [M-H2O+H]+ dm/z=18.0124
952,1000,MS1 annotation,3.500,[M-H2O+Na]+ [M+Na]+ dm/z=18.0108
953,1809,MS1 annotation,4.500,[M+Na]+ [M-H2O+H]+ dm/z=39.9927
953,1992,MS1 annotation,4.500,[2M+H]+ [M-H2O+H]+ dm/z=318.2759
953,955,MS1 annotation,5.000,[M-2H2O+H]+ [M-H2O+H]+ dm/z=18.0105
954,959,MS1 annotation,7.000,[M+Na]+ [M+H]+ dm/z=21.9819
954,1017,MS1 annotation,7.500,[M-2H2O+H]+ [M+H]+ dm/z=36.0213
954,1005,MS1 annotation,7.500,[M-H2O+H]+ [M+H]+ dm/z=18.0108
954,1933,MS1 annotation,7.000,[M+NH4]+ [M+H]+ dm/z=17.0264
954,1687,MS1 annotation,7.500,[2M-H+2Na]+ [M+H]+ dm/z=342.2139
954,1924,MS1 annotation,7.000,[M-H+2Na]+ [M+H]+ dm/z=43.9641
955,1809,MS1 annotation,4.500,[M+Na]+ [M-2H2O+H]+ dm/z=58.0033
955,1992,MS1 annotation,4.500,[2M+H]+ [M-2H2O+H]+ dm/z=336.2864
956,973,MS1 annotation,4.500,[M+Na]+ [M-H2O+H]+ dm/z=39.9931
956,1073,MS1 annotation,5.000,[M-2H2O+H]+ [M-H2O+H]+ dm/z=18.0103
956,1854,MS1 annotation,4.500,[M+H]+ [M-H2O+H]+ dm/z=18.0106
958,1772,MS1 annotation,8.000,[M-H2O+H]+ [M-2H2O+H]+ dm/z=18.0106
958,1624,MS1 annotation,7.500,[2M+H]+ [M-2H2O+H]+ dm/z=428.3107
958,1627,MS1 annotation,7.500,[2M+Na]+ [M-2H2O+H]+ dm/z=450.2934
958,1844,MS1 annotation,7.500,[M+NH4]+ [M-2H2O+H]+ dm/z=53.0474
958,1633,MS1 annotation,7.500,[M+Na]+ [M-2H2O+H]+ dm/z=58.0028
958,1875,MS1 annotation,8.500,[2M-H2O+H]+ [M-2H2O+H]+ dm/z=410.3011
959,1017,MS1 annotation,7.500,[M-2H2O+H]+ [M+Na]+ dm/z=58.0033
959,1005,MS1 annotation,7.500,[M-H2O+H]+ [M+Na]+ dm/z=39.9927
959,1933,MS1 annotation,7.000,[M+NH4]+ [M+Na]+ dm/z=4.9555
959,1687,MS1 annotation,7.500,[2M-H+2Na]+ [M+Na]+ dm/z=320.2320
959,1924,MS1 annotation,7.000,[M-H+2Na]+ [M+Na]+ dm/z=21.9822
961,4693,MS1 annotation,6.000,[M+H]+ [M+Na]+ dm/z=21.9826
961,6788,MS1 annotation,6.000,[M+K]+ [M+Na]+ dm/z=15.9734
961,2007,MS1 annotation,6.000,[M-2H2O+H]+ [M+Na]+ dm/z=58.0033
961,1007,MS1 annotation,6.500,[M-H2O+H]+ [M+Na]+ dm/z=39.9928
961,7126,MS1 annotation,6.500,[2M+Na]+ [M+Na]+ dm/z=382.3092
963,1085,MS1 annotation,3.500,[M-H2O+H]+ [M+Na]+ dm/z=39.9922
963,972,MS1 annotation,3.500,[M-2H2O+H]+ [M+Na]+ dm/z=58.0025
967,1827,MS1 annotation,5.000,[M+Na]+ [M+H]+ dm/z=21.9816
967,11505,MS1 annotation,5.500,[3M+H]+ [M+H]+ dm/z=906.5741
967,7670,MS1 annotation,5.500,[2M+H]+ [M+H]+ dm/z=453.2887
967,1841,MS1 annotation,5.500,[M-H2O+H]+ [M+H]+ dm/z=18.0107
969,3128,MS1 annotation,6.000,[M+HAc+Na]+ [M-H2O+H]+ dm/z=100.0144
969,1091,MS1 annotation,5.500,[M+H]+ [M-H2O+H]+ dm/z=18.0106
969,1034,MS1 annotation,5.500,[M+Na]+ [M-H2O+H]+ dm/z=39.9928
969,1027,MS1 annotation,6.000,[M-2H2O+H]+ [M-H2O+H]+ dm/z=18.0104
970,2643,MS1 annotation,3.000,[M+Na]+ [M+H]+ dm/z=21.9808
970,6247,MS1 annotation,3.500,[2M+Na]+ [M+H]+ dm/z=543.3262
971,1748,MS1 annotation,3.000,[M+Na]+ [M+H]+ dm/z=21.9801
971,10096,MS1 annotation,3.500,[2M+Na]+ [M+H]+ dm/z=616.3169
972,1085,MS1 annotation,4.000,[M-H2O+H]+ [M-2H2O+H]+ dm/z=18.0104
973,1073,MS1 annotation,4.500,[M-2H2O+H]+ [M+Na]+ dm/z=58.0034
973,1854,MS1 annotation,4.000,[M+H]+ [M+Na]+ dm/z=21.9825
974,989,MS1 annotation,3.500,[M+Na]+ [M-H2O+H]+ dm/z=39.9921
974,1699,MS1 annotation,4.000,[M-2H2O+H]+ [M-H2O+H]+ dm/z=18.0103
985,1191,MS1 annotation,5.000,[M+Na]+ [M+H]+ dm/z=21.9819
985,1030,MS1 annotation,5.000,[M+H]+ [M+H]+ dm/z=0.0000
985,1106,MS1 annotation,5.000,[M+Na]+ [M+H]+ dm/z=21.9818
985,2387,MS1 annotation,5.500,[2M+H]+ [M+H]+ dm/z=285.1360
987,1811,MS1 annotation,3.000,[M+NH4]+ [M+Na]+ dm/z=4.9555
987,1043,MS1 annotation,3.000,[M+H]+ [M+Na]+ dm/z=21.9824
988,996,MS1 annotation,2.500,[M+Na]+ [2M+H]+ dm/z=300.2672
989,1699,MS1 annotation,3.500,[M-2H2O+H]+ [M+Na]+ dm/z=58.0024
991,1232,MS1 annotation,7.000,[M+H]+ [M+H]+ dm/z=0.0010
991,1069,MS1 annotation,7.000,[M+K]+ [M+H]+ dm/z=37.9564
991,7685,MS1 annotation,7.500,[2M+Na]+ [M+H]+ dm/z=400.2620
991,1029,MS1 annotation,7.500,[M-H2O+H]+ [M+H]+ dm/z=18.0102
991,7668,MS1 annotation,7.000,[M+H]+ [M+H]+ dm/z=0.0009
995,11276,MS1 annotation,9.000,[M-H2O+H]+ [M+NH4]+ dm/z=35.0364
995,1099,MS1 annotation,9.000,[M+K]+ [M+NH4]+ dm/z=20.9292
995,1983,MS1 annotation,9.000,[M+Na]+ [M+NH4]+ dm/z=4.9559
995,10135,MS1 annotation,9.500,[2M+Na]+ [M+NH4]+ dm/z=385.2501
995,1150,MS1 annotation,9.000,[M+H]+ [M+NH4]+ dm/z=17.0264
995,1071,MS1 annotation,9.500,[M-H2O+H]+ [M+NH4]+ dm/z=35.0366
1001,2012,MS1 annotation,4.000,[M-H2O+H]+ [M-H2O+Na]+ dm/z=21.9822
1001,1095,MS1 annotation,3.500,[M+Na]+ [M-H2O+Na]+ dm/z=18.0105
1004,4794,MS1 annotation,4.000,[M+H]+ [M+Na]+ dm/z=21.9828
1004,6749,MS1 annotation,4.000,[M+K]+ [M+Na]+ dm/z=15.9741
1004,2594,MS1 annotation,4.000,[M+NH4]+ [M+Na]+ dm/z=4.9544
1005,1017,MS1 annotation,8.000,[M-2H2O+H]+ [M-H2O+H]+ dm/z=18.0105
1005,1933,MS1 annotation,7.500,[M+NH4]+ [M-H2O+H]+ dm/z=35.0372
1005,1687,MS1 annotation,8.000,[2M-H+2Na]+ [M-H2O+H]+ dm/z=360.2247
1005,1924,MS1 annotation,7.500,[M-H+2Na]+ [M-H2O+H]+ dm/z=61.9749
1006,7885,MS1 annotation,3.500,[2M+HAc+2H]2+ [M+H]+ dm/z=30.0110
1006,1807,MS1 annotation,3.000,[M+Na]+ [M+H]+ dm/z=21.9812
1007,4693,MS1 annotation,6.500,[M+H]+ [M-H2O+H]+ dm/z=18.0102
1007,6788,MS1 annotation,6.500,[M+K]+ [M-H2O+H]+ dm/z=55.9662
1007,2007,MS1 annotation,6.500,[M-2H2O+H]+ [M-H2O+H]+ dm/z=18.0105
1007,7126,MS1 annotation,7.000,[2M+Na]+ [M-H2O+H]+ dm/z=422.3020
1009,1667,MS1 annotation,4.000,[M-H2O+H]+ [M+Na]+ dm/z=39.9932
1009,1880,MS1 annotation,4.000,[M-H2O+H]+ [M+Na]+ dm/z=39.9932
1009,1088,MS1 annotation,4.000,[M+Na]+ [M+Na]+ dm/z=0.0002
1010,6155,MS1 annotation,3.500,[2M+H]+ [M+H]+ dm/z=519.3292
1010,6205,MS1 annotation,3.500,[2M+Na]+ [M+H]+ dm/z=541.3100
1011,1629,MS1 annotation,3.000,[M+H]+ [M+Na]+ dm/z=21.9819
1011,1948,MS1 annotation,3.000,[M+NH4]+ [M+Na]+ dm/z=4.9554
1014,11044,MS1 annotation,3.500,[M-2H2O+H]+ [M+Na]+ dm/z=58.0033
1017,1933,MS1 annotation,7.500,[M+NH4]+ [M-2H2O+H]+ dm/z=53.0478
1017,1687,MS1 annotation,8.000,[2M-H+2Na]+ [M-2H2O+H]+ dm/z=378.2353
1017,1924,MS1 annotation,7.500,[M-H+2Na]+ [M-2H2O+H]+ dm/z=79.9855
1019,1026,MS1 annotation,3.500,[M+Na]+ [M-H2O+H]+ dm/z=39.9920
1022,2337,MS1 annotation,5.500,[M-2H2O+H]+ [M+Na]+ dm/z=58.0033
1022,1226,MS1 annotation,5.500,[M-H2O+H]+ [M+Na]+ dm/z=39.9928
1027,3128,MS1 annotation,6.000,[M+HAc+Na]+ [M-2H2O+H]+ dm/z=118.0248
1027,1091,MS1 annotation,5.500,[M+H]+ [M-2H2O+H]+ dm/z=36.0210
1027,1034,MS1 annotation,5.500,[M+Na]+ [M-2H2O+H]+ dm/z=58.0032
1029,1232,MS1 annotation,7.500,[M+H]+ [M-H2O+H]+ dm/z=18.0092
1029,1069,MS1 annotation,7.500,[M+K]+ [M-H2O+H]+ dm/z=55.9665
1029,7685,MS1 annotation,8.000,[2M+Na]+ [M-H2O+H]+ dm/z=418.2722
1029,7668,MS1 annotation,7.500,[M+H]+ [M-H2O+H]+ dm/z=18.0111
1030,1191,MS1 annotation,5.000,[M+Na]+ [M+H]+ dm/z=21.9818
1030,1106,MS1 annotation,5.000,[M+Na]+ [M+H]+ dm/z=21.9818
1030,2387,MS1 annotation,5.500,[2M+H]+ [M+H]+ dm/z=285.1360
1032,11923,MS1 annotation,4.500,[2M+Na]+ [M+Na]+ dm/z=382.3092
1032,2929,MS1 annotation,4.000,[M+NH4]+ [M+Na]+ dm/z=4.9548
1033,1100,MS1 annotation,2.000,[M-2H2O+H]+ [M+Na]+ dm/z=58.0018
1034,3128,MS1 annotation,5.500,[M+HAc+Na]+ [M+Na]+ dm/z=60.0216
1034,1091,MS1 annotation,5.000,[M+H]+ [M+Na]+ dm/z=21.9822
1036,1080,MS1 annotation,2.500,[M+Na]+ [M-H2O+H]+ dm/z=39.9919
1043,1811,MS1 annotation,3.000,[M+NH4]+ [M+H]+ dm/z=17.0269
1045,2754,MS1 annotation,2.000,[M+Na]+ [M+H]+ dm/z=21.9819
1047,1962,MS1 annotation,3.000,[M-H2O+H]+ [M+Na]+ dm/z=39.9928
1047,1895,MS1 annotation,3.000,[M+H]+ [M+Na]+ dm/z=21.9823
1048,12373,MS1 annotation,8.500,[M+Na]+ [M-2H2O+H]+ dm/z=58.0025
1048,1055,MS1 annotation,8.500,[M-H2O+H]+ [M-2H2O+H]+ dm/z=18.0107
1048,2270,MS1 annotation,8.500,[M+NH4]+ [M-2H2O+H]+ dm/z=53.0475
1048,4647,MS1 annotation,9.000,[2M+Na]+ [M-2H2O+H]+ dm/z=448.2773
1048,4662,MS1 annotation,9.000,[2M+NH4]+ [M-2H2O+H]+ dm/z=443.3213
1048,9948,MS1 annotation,8.500,[M-H2O+H]+ [M-2H2O+H]+ dm/z=18.0106
1049,1739,MS1 annotation,4.000,[M-H2O+H]+ [M+Na]+ dm/z=39.9936
1049,6722,MS1 annotation,4.000,[M+K]+ [M+Na]+ dm/z=15.9734
1049,2179,MS1 annotation,4.000,[M+NH4]+ [M+Na]+ dm/z=4.9558
1051,2749,MS1 annotation,3.000,[M+H]+ [M+Na]+ dm/z=21.9826
1051,1347,MS1 annotation,3.000,[M-H2O+H]+ [M+Na]+ dm/z=39.9932
1052,1940,MS1 annotation,3.500,[M+Na]+ [M-H2O+H]+ dm/z=39.9917
1052,1833,MS1 annotation,3.500,[M+H]+ [M-H2O+H]+ dm/z=18.0097
1055,12373,MS1 annotation,8.000,[M+Na]+ [M-H2O+H]+ dm/z=39.9917
1055,2270,MS1 annotation,8.000,[M+NH4]+ [M-H2O+H]+ dm/z=35.0368
1055,4647,MS1 annotation,8.500,[2M+Na]+ [M-H2O+H]+ dm/z=430.2666
1055,4662,MS1 annotation,8.500,[2M+NH4]+ [M-H2O+H]+ dm/z=425.3106
1055,9948,MS1 annotation,8.000,[M-H2O+H]+ [M-H2O+H]+ dm/z=0.0001
1057,1060,MS1 annotation,3.500,[M+Na]+ [M-H2O+H]+ dm/z=39.9914
1057,1146,MS1 annotation,4.000,[M-2H2O+H]+ [M-H2O+H]+ dm/z=18.0104
1060,1146,MS1 annotation,3.500,[M-2H2O+H]+ [M+Na]+ dm/z=58.0018
1061,11001,MS1 annotation,6.500,[2M+H]+ [M+H]+ dm/z=527.3208
1061,1806,MS1 annotation,6.500,[M-2H2O+H]+ [M+H]+ dm/z=36.0220
1061,2085,MS1 annotation,6.000,[M+Na]+ [M+H]+ dm/z=21.9809
1061,1679,MS1 annotation,6.500,[M-H2O+H]+ [M+H]+ dm/z=18.0111
1061,11893,MS1 annotation,6.500,[2M+Na]+ [M+H]+ dm/z=549.3091
1064,6632,MS1 annotation,3.000,[M+H]+ [M+Na]+ dm/z=21.9827
1064,4996,MS1 annotation,3.500,[M-H2O+H]+ [M+Na]+ dm/z=39.9930
1069,1232,MS1 annotation,7.000,[M+H]+ [M+K]+ dm/z=37.9574
1069,7685,MS1 annotation,7.500,[2M+Na]+ [M+K]+ dm/z=362.3057
1069,7668,MS1 annotation,7.000,[M+H]+ [M+K]+ dm/z=37.9554
1070,1477,MS1 annotation,3.500,[M+Na]+ [M+HAc-H+2Na]+ dm/z=82.0034
1071,11276,MS1 annotation,9.500,[M-H2O+H]+ [M-H2O+H]+ dm/z=0.0003
1071,1099,MS1 annotation,9.500,[M+K]+ [M-H2O+H]+ dm/z=55.9658
1071,1983,MS1 annotation,9.500,[M+Na]+ [M-H2O+H]+ dm/z=39.9926
1071,10135,MS1 annotation,10.000,[2M+Na]+ [M-H2O+H]+ dm/z=420.2867
1071,1150,MS1 annotation,9.500,[M+H]+ [M-H2O+H]+ dm/z=18.0102
1073,1854,MS1 annotation,4.500,[M+H]+ [M-2H2O+H]+ dm/z=36.0209
1074,4887,MS1 annotation,4.000,[M-H2O+H]+ [M+H]+ dm/z=18.0107
1074,4717,MS1 annotation,4.500,[2M+H]+ [M+H]+ dm/z=439.2692
1074,2262,MS1 annotation,4.000,[M+Na]+ [M+H]+ dm/z=21.9820
1076,10094,MS1 annotation,2.000,[M+Na]+ [M+H]+ dm/z=21.9824
1081,1249,MS1 annotation,3.500,[M-2H2O+H]+ [M+Na]+ dm/z=58.0035
1081,1121,MS1 annotation,3.500,[M-H2O+H]+ [M+Na]+ dm/z=39.9929
1084,1136,MS1 annotation,4.500,[M-H2O+H]+ [M+Na]+ dm/z=39.9926
1084,1712,MS1 annotation,4.000,[M+H]+ [M+Na]+ dm/z=21.9821
1084,2031,MS1 annotation,4.500,[M-2H2O+H]+ [M+Na]+ dm/z=58.0035
1086,1831,MS1 annotation,5.000,[M+Na]+ [M+H]+ dm/z=21.9833
1086,11196,MS1 annotation,5.500,[2M+K]+ [M+H]+ dm/z=634.3094
1086,1483,MS1 annotation,5.000,[M+H]+ [M+H]+ dm/z=0.0023
1086,11186,MS1 annotation,5.500,[2M+Na]+ [M+H]+ dm/z=618.3344
1087,7197,MS1 annotation,3.500,[M+H]+ [M-H2O+H]+ dm/z=18.0108
1087,2204,MS1 annotation,3.500,[M+Na]+ [M-H2O+H]+ dm/z=39.9929
1088,1667,MS1 annotation,4.000,[M-H2O+H]+ [M+Na]+ dm/z=39.9934
1088,1880,MS1 annotation,4.000,[M-H2O+H]+ [M+Na]+ dm/z=39.9934
1090,2245,MS1 annotation,4.000,[M+NH4]+ [M-2H2O+H]+ dm/z=53.0498
1090,2284,MS1 annotation,4.000,[M+Na]+ [M-2H2O+H]+ dm/z=58.0055
1091,3128,MS1 annotation,5.500,[M+HAc+Na]+ [M+H]+ dm/z=82.0038
1092,2062,MS1 annotation,3.000,[M+NH4]+ [M+Na]+ dm/z=4.9535
1092,4704,MS1 annotation,3.000,[M+H]+ [M+Na]+ dm/z=21.9819
1095,2012,MS1 annotation,3.500,[M-H2O+H]+ [M+Na]+ dm/z=39.9927
1096,4698,MS1 annotation,3.000,[M+Na]+ [M+H]+ dm/z=21.9818
1099,11276,MS1 annotation,9.000,[M-H2O+H]+ [M+K]+ dm/z=55.9656
1099,1983,MS1 annotation,9.000,[M+Na]+ [M+K]+ dm/z=15.9733
1099,10135,MS1 annotation,9.500,[2M+Na]+ [M+K]+ dm/z=364.3209
1099,1150,MS1 annotation,9.000,[M+H]+ [M+K]+ dm/z=37.9556
1106,1191,MS1 annotation,5.000,[M+Na]+ [M+Na]+ dm/z=0.0000
1106,2387,MS1 annotation,5.500,[2M+H]+ [M+Na]+ dm/z=263.1542
1111,1181,MS1 annotation,3.000,[M-2H2O+H]+ [M+Na]+ dm/z=58.0016
1111,1542,MS1 annotation,3.500,[M-H2O+H]+ [M+Na]+ dm/z=39.9913
1113,2036,MS1 annotation,2.000,[M+H]+ [M+Na]+ dm/z=21.9811
1114,1579,MS1 annotation,2.000,[M-H2O+H]+ [M+Na]+ dm/z=39.9929
1117,1304,MS1 annotation,4.000,[M-2H2O+H]+ [M+HAc+Na]+ dm/z=118.0247
1117,10980,MS1 annotation,4.000,[M+H]+ [M+HAc+Na]+ dm/z=82.0034
1121,1249,MS1 annotation,4.000,[M-2H2O+H]+ [M-H2O+H]+ dm/z=18.0106
1122,3904,MS1 annotation,9.500,[M-2H2O+H]+ [M+Na]+ dm/z=58.0033
1122,1506,MS1 annotation,9.500,[M-H2O+H]+ [M+Na]+ dm/z=39.9927
1122,4021,MS1 annotation,9.000,[M+NH4]+ [M+Na]+ dm/z=4.9549
1122,3298,MS1 annotation,9.500,[M-2H2O+H]+ [M+Na]+ dm/z=58.0033
1122,2691,MS1 annotation,9.000,[M-H2O+H]+ [M+Na]+ dm/z=39.9926
1122,1404,MS1 annotation,9.500,[M-H2O+H]+ [M+Na]+ dm/z=39.9943
1122,1393,MS1 annotation,9.000,[M+Na]+ [M+Na]+ dm/z=0.0003
1124,1475,MS1 annotation,3.000,[M-H2O+H]+ [M+Na]+ dm/z=39.9929
1129,1365,MS1 annotation,4.500,[M-H2O+H]+ [M+K]+ dm/z=55.9662
1129,1901,MS1 annotation,4.500,[2M+Na]+ [M+K]+ dm/z=362.3043
1135,2100,MS1 annotation,3.500,[M+Na]+ [M-H2O+H]+ dm/z=39.9931
1135,1885,MS1 annotation,4.000,[M-2H2O+H]+ [M-H2O+H]+ dm/z=18.0104
1136,1712,MS1 annotation,4.500,[M+H]+ [M-H2O+H]+ dm/z=18.0104
1136,2031,MS1 annotation,5.000,[M-2H2O+H]+ [M-H2O+H]+ dm/z=18.0109
1138,2489,MS1 annotation,2.500,[M-H2O+H]+ [M+Na]+ dm/z=39.9931
1148,9680,MS1 annotation,3.500,[M+Na]+ [M-2H2O+H]+ dm/z=58.0037
1148,2344,MS1 annotation,4.000,[M-H2O+H]+ [M-2H2O+H]+ dm/z=18.0108
1149,1204,MS1 annotation,3.000,[M-2H2O+H]+ [M+Na]+ dm/z=58.0017
1149,5022,MS1 annotation,3.000,[M+H]+ [M+Na]+ dm/z=21.9850
1150,11276,MS1 annotation,9.000,[M-H2O+H]+ [M+H]+ dm/z=18.0100
1150,1983,MS1 annotation,9.000,[M+Na]+ [M+H]+ dm/z=21.9823
1150,10135,MS1 annotation,9.500,[2M+Na]+ [M+H]+ dm/z=402.2765
1153,1647,MS1 annotation,7.500,[M+NH4]+ [M-2H2O+H]+ dm/z=53.0475
1153,1161,MS1 annotation,8.000,[M-H2O+H]+ [M-2H2O+H]+ dm/z=18.0104
1154,2793,MS1 annotation,4.000,[M-H2O+H]+ [M+Na]+ dm/z=39.9927
1154,6643,MS1 annotation,4.000,[M+H]+ [M+Na]+ dm/z=21.9825
1154,7923,MS1 annotation,4.000,[M+NH4]+ [M+Na]+ dm/z=4.9546
1158,2064,MS1 annotation,4.500,[M-2H2O+H]+ [M-H2O+H]+ dm/z=18.0108
1159,4903,MS1 annotation,4.000,[M+NH4]+ [M+H]+ dm/z=17.0268
1159,4819,MS1 annotation,4.500,[M+HAc+NH4]+ [M+H]+ dm/z=77.0479
1161,1647,MS1 annotation,7.500,[M+NH4]+ [M-H2O+H]+ dm/z=35.0371
1164,5258,MS1 annotation,3.000,[M-CO2+Na]+ [M+Na]+ dm/z=43.9878
1164,1403,MS1 annotation,3.000,[M-2H2O+H]+ [M+Na]+ dm/z=58.0031
1173,1752,MS1 annotation,2.000,[M+NH4]+ [M+Na]+ dm/z=4.9557
1175,4175,MS1 annotation,4.000,[M+H]+ [M+Na]+ dm/z=21.9828
1181,1542,MS1 annotation,3.500,[M-H2O+H]+ [M-2H2O+H]+ dm/z=18.0103
1187,2277,MS1 annotation,2.000,[M-2H2O+H]+ [M+Na]+ dm/z=58.0037
1190,6773,MS1 annotation,2.000,[M+Na]+ [M+H]+ dm/z=21.9817
1191,2387,MS1 annotation,5.500,[2M+H]+ [M+Na]+ dm/z=263.1541
1196,1564,MS1 annotation,2.500,[M-H2O+H]+ [M+Na]+ dm/z=39.9931
1199,2535,MS1 annotation,2.500,[M-H2O+H]+ [M+Na]+ dm/z=39.9930
1203,2782,MS1 annotation,3.000,[M+Na]+ [M+H]+ dm/z=21.9814
1205,2422,MS1 annotation,2.000,[M+H]+ [M+Na]+ dm/z=21.9820
1212,1319,MS1 annotation,2.000,[M+Na]+ [M-2H2O+H]+ dm/z=58.0008
1214,8040,MS1 annotation,3.000,[M+NH4]+ [M-2H2O+H]+ dm/z=53.0490
1216,2111,MS1 annotation,3.500,[M-2H2O+H]+ [M+Na]+ dm/z=58.0025
1216,1283,MS1 annotation,3.500,[M-H2O+H]+ [M+Na]+ dm/z=39.9924
1222,2550,MS1 annotation,3.000,[M-H2O+H]+ [M+Na]+ dm/z=39.9929
1226,2337,MS1 annotation,6.000,[M-2H2O+H]+ [M-H2O+H]+ dm/z=18.0105
1229,1373,MS1 annotation,4.000,[M+Na]+ [M+Na]+ dm/z=0.0001
1229,2099,MS1 annotation,4.000,[M-H2O+H]+ [M+Na]+ dm/z=39.9927
1229,2316,MS1 annotation,4.000,[M-H2O+H]+ [M+Na]+ dm/z=39.9931
1231,1492,MS1 annotation,5.000,[M-2H2O+H]+ [M+HAc+Na]+ dm/z=118.0241
1231,2087,MS1 annotation,4.500,[M+NH4]+ [M+HAc+Na]+ dm/z=64.9765
1231,1250,MS1 annotation,5.000,[M-H2O+H]+ [M+HAc+Na]+ dm/z=100.0136
1232,7668,MS1 annotation,7.000,[M+H]+ [M+H]+ dm/z=0.0019
1233,9137,MS1 annotation,2.000,[M+NH4]+ [M+Na]+ dm/z=4.9562
1234,2668,MS1 annotation,3.500,[M+Na]+ [M-2H2O+H]+ dm/z=58.0057
1244,1612,MS1 annotation,4.500,[M-2H2O+H]+ [M+H]+ dm/z=36.0214
1244,1596,MS1 annotation,4.500,[M-H2O+H]+ [M+H]+ dm/z=18.0108
1244,2105,MS1 annotation,4.000,[M+Na]+ [M+H]+ dm/z=21.9820
1247,7956,MS1 annotation,3.000,[M+H]+ [M+Na]+ dm/z=21.9848
1247,7250,MS1 annotation,3.000,[M+H]+ [M+Na]+ dm/z=21.9862
1250,1492,MS1 annotation,5.000,[M-2H2O+H]+ [M-H2O+H]+ dm/z=18.0104
1250,2087,MS1 annotation,4.500,[M+NH4]+ [M-H2O+H]+ dm/z=35.0371
1251,1545,MS1 annotation,4.500,[M-2H2O+H]+ [M+H]+ dm/z=36.0212
1251,1332,MS1 annotation,4.000,[M-H2O+H]+ [M+H]+ dm/z=18.0105
1256,12237,MS1 annotation,4.500,[M-2H2O+H]+ [M-H2O+H]+ dm/z=18.0104
1256,2271,MS1 annotation,4.500,[M+H]+ [M-H2O+H]+ dm/z=18.0107
1258,7896,MS1 annotation,2.500,[M+Na]+ [M-2H2O+H]+ dm/z=58.0049
1258,6418,MS1 annotation,2.500,[M-2H2O+H]+ [M+Na]+ dm/z=58.0035
1262,10097,MS1 annotation,5.500,[M-H2O+NH4]+ [M+H]+ dm/z=0.9841
1262,3229,MS1 annotation,5.000,[M-H2O+H]+ [M+H]+ dm/z=18.0103
1262,9044,MS1 annotation,5.000,[M+NH4]+ [M+H]+ dm/z=17.0263
1275,1336,MS1 annotation,6.000,[M-2H2O+H]+ [M-H2O+H]+ dm/z=18.0107
1279,1848,MS1 annotation,3.000,[M+H]+ [M+Na]+ dm/z=21.9823
1279,2082,MS1 annotation,3.000,[M+NH4]+ [M+Na]+ dm/z=4.9554
1283,2111,MS1 annotation,4.000,[M-2H2O+H]+ [M-H2O+H]+ dm/z=18.0101
1287,1361,MS1 annotation,3.500,[M-H2O+H]+ [M+Na]+ dm/z=39.9934
1288,6637,MS1 annotation,3.000,[M+Na]+ [M-2H2O+H]+ dm/z=58.0020
1288,1566,MS1 annotation,3.500,[M-H2O+H]+ [M-2H2O+H]+ dm/z=18.0099
1292,3186,MS1 annotation,2.500,[M+NH4]+ [M-2H2O+H]+ dm/z=53.0479
1297,2442,MS1 annotation,4.000,[M-2H2O+H]+ [M-H2O+H]+ dm/z=18.0106
1297,2242,MS1 annotation,3.500,[M+Na]+ [M-H2O+H]+ dm/z=39.9939
1303,2325,MS1 annotation,3.500,[M-H2O+H]+ [M+H]+ dm/z=18.0106
1303,8566,MS1 annotation,3.000,[M+NH4]+ [M+H]+ dm/z=17.0264
1304,10980,MS1 annotation,4.000,[M+H]+ [M-2H2O+H]+ dm/z=36.0214
1310,2261,MS1 annotation,3.500,[M-H2O+H]+ [M+Na]+ dm/z=39.9927
1310,8680,MS1 annotation,3.500,[M-2H2O+H]+ [M+Na]+ dm/z=58.0032
1321,5627,MS1 annotation,7.500,[2M-H+2Na]+ [M+H]+ dm/z=342.2144
1321,2150,MS1 annotation,7.000,[M+Na]+ [M+H]+ dm/z=21.9821
1328,2353,MS1 annotation,3.500,[M-2H2O+H]+ [M+H]+ dm/z=36.0212
1328,3415,MS1 annotation,3.000,[M+Na]+ [M+H]+ dm/z=21.9844
1329,2093,MS1 annotation,4.500,[M-2H2O+H]+ [M+Na]+ dm/z=58.0026
1329,1411,MS1 annotation,4.000,[M+Na]+ [M+Na]+ dm/z=0.0000
1329,2306,MS1 annotation,4.500,[M-2H2O+H]+ [M+Na]+ dm/z=58.0019
1332,1545,MS1 annotation,4.500,[M-2H2O+H]+ [M-H2O+H]+ dm/z=18.0107
1337,2460,MS1 annotation,4.000,[M-H2O+H]+ [M+H]+ dm/z=18.0107
1341,2725,MS1 annotation,3.000,[M+Na]+ [M+H]+ dm/z=21.9813
1345,5474,MS1 annotation,5.500,[M-2H2O+H]+ [M+Na]+ dm/z=58.0020
1345,3382,MS1 annotation,5.500,[M-2H2O+H]+ [M+Na]+ dm/z=58.0021
1345,1383,MS1 annotation,5.500,[M-H2O+H]+ [M+Na]+ dm/z=39.9922
1347,2749,MS1 annotation,3.000,[M+H]+ [M-H2O+H]+ dm/z=18.0106
1348,11185,MS1 annotation,3.000,[M-2H2O+H]+ [M+Na]+ dm/z=58.0015
1348,10853,MS1 annotation,3.500,[M-H2O+H]+ [M+Na]+ dm/z=39.9930
1355,6618,MS1 annotation,5.500,[2M+H]+ [M+H]+ dm/z=519.3296
1355,6784,MS1 annotation,5.500,[2M+Na]+ [M+H]+ dm/z=541.3100
1355,2864,MS1 annotation,5.000,[M+Na]+ [M+H]+ dm/z=21.9823
1355,10974,MS1 annotation,5.000,[M+H]+ [M+H]+ dm/z=0.0017
1362,3681,MS1 annotation,2.000,[M+H]+ [M+Na]+ dm/z=21.9815
1363,5043,MS1 annotation,2.500,[M-H2O+H]+ [M+Na]+ dm/z=39.9932
1365,1901,MS1 annotation,5.000,[2M+Na]+ [M-H2O+H]+ dm/z=418.2705
1370,4851,MS1 annotation,2.000,[M-2H2O+H]+ [M+Na]+ dm/z=58.0052
1373,2099,MS1 annotation,4.000,[M-H2O+H]+ [M+Na]+ dm/z=39.9929
1373,2316,MS1 annotation,4.000,[M-H2O+H]+ [M+Na]+ dm/z=39.9932
1374,1837,MS1 annotation,2.500,[M+Na]+ [M-H2O+H]+ dm/z=39.9938
1377,3389,MS1 annotation,4.000,[M-2H2O+H]+ [M+Na]+ dm/z=58.0024
1377,1396,MS1 annotation,4.500,[M-H2O+H]+ [M+Na]+ dm/z=39.9924
1382,4725,MS1 annotation,4.000,[M+Na]+ [M+NH4]+ dm/z=4.9555
1382,1705,MS1 annotation,4.500,[M-H2O+H]+ [M+NH4]+ dm/z=35.0369
1382,1908,MS1 annotation,4.000,[M+H]+ [M+NH4]+ dm/z=17.0265
1383,5474,MS1 annotation,6.000,[M-2H2O+H]+ [M-H2O+H]+ dm/z=18.0098
1383,3382,MS1 annotation,6.000,[M-2H2O+H]+ [M-H2O+H]+ dm/z=18.0099
1384,5200,MS1 annotation,3.000,[M+H]+ [M+Na]+ dm/z=21.9846
1393,3904,MS1 annotation,9.500,[M-2H2O+H]+ [M+Na]+ dm/z=58.0029
1393,1506,MS1 annotation,9.500,[M-H2O+H]+ [M+Na]+ dm/z=39.9923
1393,4021,MS1 annotation,9.000,[M+NH4]+ [M+Na]+ dm/z=4.9545
1393,3298,MS1 annotation,9.500,[M-2H2O+H]+ [M+Na]+ dm/z=58.0030
1393,2691,MS1 annotation,9.000,[M-H2O+H]+ [M+Na]+ dm/z=39.9923
1393,1404,MS1 annotation,9.500,[M-H2O+H]+ [M+Na]+ dm/z=39.9939
1396,3389,MS1 annotation,4.500,[M-2H2O+H]+ [M-H2O+H]+ dm/z=18.0100
1403,5258,MS1 annotation,3.000,[M-CO2+Na]+ [M-2H2O+H]+ dm/z=14.0153
1404,3904,MS1 annotation,10.000,[M-2H2O+H]+ [M-H2O+H]+ dm/z=18.0090
1404,1506,MS1 annotation,10.000,[M-H2O+H]+ [M-H2O+H]+ dm/z=0.0016
1404,4021,MS1 annotation,9.500,[M+NH4]+ [M-H2O+H]+ dm/z=35.0394
1404,3298,MS1 annotation,10.000,[M-2H2O+H]+ [M-H2O+H]+ dm/z=18.0090
1404,2691,MS1 annotation,9.500,[M-H2O+H]+ [M-H2O+H]+ dm/z=0.0017
1411,2093,MS1 annotation,4.500,[M-2H2O+H]+ [M+Na]+ dm/z=58.0027
1411,2306,MS1 annotation,4.500,[M-2H2O+H]+ [M+Na]+ dm/z=58.0019
1416,10379,MS1 annotation,2.500,[M-H2O+H]+ [M+Na]+ dm/z=39.9926
1417,2927,MS1 annotation,5.000,[M-2H2O+H]+ [M-H2O+H]+ dm/z=18.0106
1417,3544,MS1 annotation,4.500,[M+Na]+ [M-H2O+H]+ dm/z=39.9949
1418,2349,MS1 annotation,4.500,[M-2H2O+H]+ [M+Na]+ dm/z=58.0038
1418,9648,MS1 annotation,4.500,[M-H2O+H]+ [M+Na]+ dm/z=39.9934
1418,1495,MS1 annotation,4.000,[M+Na]+ [M+Na]+ dm/z=0.0010
1429,1553,MS1 annotation,3.500,[M+Na]+ [M-H2O+H]+ dm/z=39.9926
1429,1466,MS1 annotation,3.500,[M+Na]+ [M-H2O+H]+ dm/z=39.9929
1433,2464,MS1 annotation,2.000,[M-2H2O+H]+ [M+Na]+ dm/z=58.0032
1435,2474,MS1 annotation,2.500,[M+Na]+ [M-2H2O+H]+ dm/z=58.0058
1442,2236,MS1 annotation,4.000,[M-2H2O+H]+ [M+Na]+ dm/z=58.0032
1442,2289,MS1 annotation,4.000,[M+H]+ [M+Na]+ dm/z=21.9824
1446,1665,MS1 annotation,3.500,[M+H]+ [M-H2O+H]+ dm/z=18.0107
1446,11908,MS1 annotation,3.500,[M+Na]+ [M-H2O+H]+ dm/z=39.9934
1448,2685,MS1 annotation,4.000,[M-2H2O+H]+ [M-H2O+H]+ dm/z=18.0101
1448,12110,MS1 annotation,3.500,[M+Na]+ [M-H2O+H]+ dm/z=39.9934
1454,11193,MS1 annotation,3.000,[M+NH4]+ [M-2H2O+H]+ dm/z=53.0482
1454,2788,MS1 annotation,3.000,[M-2H2O+H]+ [M-2H2O+H]+ dm/z=0.0002
1457,8620,MS1 annotation,3.500,[2M+Na]+ [M-H2O+H]+ dm/z=420.2855
1463,2554,MS1 annotation,2.000,[M+Na]+ [M+H]+ dm/z=21.9812
1466,1553,MS1 annotation,3.000,[M+Na]+ [M+Na]+ dm/z=0.0003
1477,3623,MS1 annotation,3.500,[M-2H2O+H]+ [M+Na]+ dm/z=58.0051
1479,2303,MS1 annotation,3.500,[M+Na]+ [M-H2O+H]+ dm/z=39.9930
1479,2837,MS1 annotation,3.500,[M+H]+ [M-H2O+H]+ dm/z=18.0105
1481,2053,MS1 annotation,2.500,[M-2H2O+H]+ [M+Na]+ dm/z=58.0027
1483,1831,MS1 annotation,5.000,[M+Na]+ [M+H]+ dm/z=21.9856
1483,11196,MS1 annotation,5.500,[2M+K]+ [M+H]+ dm/z=634.3117
1483,11186,MS1 annotation,5.500,[2M+Na]+ [M+H]+ dm/z=618.3367
1492,2087,MS1 annotation,4.500,[M+NH4]+ [M-2H2O+H]+ dm/z=53.0475
1495,2349,MS1 annotation,4.500,[M-2H2O+H]+ [M+Na]+ dm/z=58.0029
1495,9648,MS1 annotation,4.500,[M-H2O+H]+ [M+Na]+ dm/z=39.9925
1502,4124,MS1 annotation,3.000,[M+Na]+ [M+H]+ dm/z=21.9815
1502,9560,MS1 annotation,3.000,[M+H]+ [M+H]+ dm/z=0.0024
1506,3904,MS1 annotation,10.000,[M-2H2O+H]+ [M-H2O+H]+ dm/z=18.0106
1506,4021,MS1 annotation,9.500,[M+NH4]+ [M-H2O+H]+ dm/z=35.0378
1506,3298,MS1 annotation,10.000,[M-2H2O+H]+ [M-H2O+H]+ dm/z=18.0106
1506,2691,MS1 annotation,9.500,[M-H2O+H]+ [M-H2O+H]+ dm/z=0.0000
1516,5017,MS1 annotation,3.000,[M-H2O+H]+ [M-H2O+H]+ dm/z=0.0005
1516,2832,MS1 annotation,3.000,[M+Na]+ [M-H2O+H]+ dm/z=39.9944
1524,1541,MS1 annotation,4.000,[M+H]+ [M+K]+ dm/z=37.9550
1524,1878,MS1 annotation,4.000,[M+Na]+ [M+K]+ dm/z=15.9731
1524,5159,MS1 annotation,4.000,[M+NH4]+ [M+K]+ dm/z=20.9280
1528,1734,MS1 annotation,4.500,[M+Na]+ [M-2H2O+H]+ dm/z=58.0032
1528,4885,MS1 annotation,5.000,[M-H2O+H]+ [M-2H2O+H]+ dm/z=18.0099
1539,2434,MS1 annotation,2.000,[M+Na]+ [M+H]+ dm/z=21.9818
1541,1878,MS1 annotation,4.000,[M+Na]+ [M+H]+ dm/z=21.9819
1541,5159,MS1 annotation,4.000,[M+NH4]+ [M+H]+ dm/z=17.0270
1558,10007,MS1 annotation,3.500,[M+NH4]+ [M-2H2O+H]+ dm/z=53.0469
1566,6637,MS1 annotation,3.500,[M+Na]+ [M-H2O+H]+ dm/z=39.9922
1568,6589,MS1 annotation,4.000,[M+Na]+ [M+H]+ dm/z=21.9819
1568,6212,MS1 annotation,4.000,[M+Na]+ [M+H]+ dm/z=21.9817
1568,4413,MS1 annotation,4.000,[M+H]+ [M+H]+ dm/z=0.0004
1577,3084,MS1 annotation,2.000,[M+Na]+ [M-H2O+H]+ dm/z=39.9948
1580,2848,MS1 annotation,7.000,[M+Na]+ [M+Na]+ dm/z=0.0017
1580,2617,MS1 annotation,7.500,[M-H2O+H]+ [M+Na]+ dm/z=39.9939
1580,3122,MS1 annotation,7.000,[M+Na]+ [M+Na]+ dm/z=0.0015
1580,3413,MS1 annotation,7.500,[M-2H2O+H]+ [M+Na]+ dm/z=58.0045
1580,3004,MS1 annotation,7.500,[M-H2O+H]+ [M+Na]+ dm/z=39.9941
1580,2611,MS1 annotation,7.500,[M-H2O+H]+ [M+Na]+ dm/z=39.9943
1581,3511,MS1 annotation,2.500,[M-2H2O+H]+ [M+Na]+ dm/z=58.0031
1582,1775,MS1 annotation,3.500,[M+Na]+ [M-H2O+H]+ dm/z=39.9927
1582,1725,MS1 annotation,3.500,[M+NH4]+ [M-H2O+H]+ dm/z=35.0373
1588,11920,MS1 annotation,2.500,[M-H2O+H]+ [M+Na]+ dm/z=39.9939
1590,8677,MS1 annotation,6.500,[M+Na]+ [M-2H2O+H]+ dm/z=58.0038
1590,2812,MS1 annotation,6.500,[M+Na]+ [M-2H2O+H]+ dm/z=58.0033
1590,2541,MS1 annotation,7.000,[M-2H2O+H]+ [M-2H2O+H]+ dm/z=0.0003
1590,10549,MS1 annotation,7.000,[M-H2O+H]+ [M-2H2O+H]+ dm/z=18.0110
1592,6237,MS1 annotation,2.000,[M+Na]+ [M+H]+ dm/z=21.9846
1596,1612,MS1 annotation,5.000,[M-2H2O+H]+ [M-H2O+H]+ dm/z=18.0106
1596,2105,MS1 annotation,4.500,[M+Na]+ [M-H2O+H]+ dm/z=39.9928
1598,7618,MS1 annotation,3.000,[M+H]+ [M+Na]+ dm/z=21.9806
1598,6871,MS1 annotation,3.000,[M+Na]+ [M+Na]+ dm/z=0.0012
1601,12145,MS1 annotation,2.000,[M+Na]+ [M-H2O+H]+ dm/z=39.9953
1612,2105,MS1 annotation,4.500,[M+Na]+ [M-2H2O+H]+ dm/z=58.0034
1616,3071,MS1 annotation,7.000,[M-H2O+H]+ [M-2H2O+H]+ dm/z=18.0105
1616,3214,MS1 annotation,6.500,[M+Na]+ [M-2H2O+H]+ dm/z=58.0031
1616,2826,MS1 annotation,7.000,[M-2H2O+H]+ [M-2H2O+H]+ dm/z=0.0000
1616,2368,MS1 annotation,6.500,[M+Na]+ [M-2H2O+H]+ dm/z=58.0053
1617,6557,MS1 annotation,2.000,[M+Na]+ [M+H]+ dm/z=21.9848
1624,1772,MS1 annotation,7.500,[M-H2O+H]+ [2M+H]+ dm/z=410.3001
1624,1627,MS1 annotation,7.000,[2M+Na]+ [2M+H]+ dm/z=21.9826
1624,1844,MS1 annotation,7.000,[M+NH4]+ [2M+H]+ dm/z=375.2633
1624,1633,MS1 annotation,7.000,[M+Na]+ [2M+H]+ dm/z=370.3079
1624,1875,MS1 annotation,8.000,[2M-H2O+H]+ [2M+H]+ dm/z=18.0096
1627,1772,MS1 annotation,7.500,[M-H2O+H]+ [2M+Na]+ dm/z=432.2827
1627,1844,MS1 annotation,7.000,[M+NH4]+ [2M+Na]+ dm/z=397.2460
1627,1633,MS1 annotation,7.000,[M+Na]+ [2M+Na]+ dm/z=392.2906
1627,1875,MS1 annotation,8.000,[2M-H2O+H]+ [2M+Na]+ dm/z=39.9922
1629,1948,MS1 annotation,3.000,[M+NH4]+ [M+H]+ dm/z=17.0264
1633,1772,MS1 annotation,7.500,[M-H2O+H]+ [M+Na]+ dm/z=39.9922
1633,1844,MS1 annotation,7.000,[M+NH4]+ [M+Na]+ dm/z=4.9554
1633,1875,MS1 annotation,8.000,[2M-H2O+H]+ [M+Na]+ dm/z=352.2983
1643,10827,MS1 annotation,2.000,[2M+2H]2+ [M+NH4]+ dm/z=17.0265
1653,1662,MS1 annotation,3.000,[M+H]+ [M+Na]+ dm/z=21.9822
1653,11189,MS1 annotation,3.500,[2M+Na]+ [M+Na]+ dm/z=550.3540
1656,10829,MS1 annotation,2.000,[2M+2H]2+ [M+NH4]+ dm/z=17.0252
1658,8005,MS1 annotation,2.000,[M+Na]+ [M+H]+ dm/z=21.9820
1662,11189,MS1 annotation,3.500,[2M+Na]+ [M+H]+ dm/z=572.3362
1663,10901,MS1 annotation,3.000,[M-H2O+H]+ [M+Na]+ dm/z=39.9923
1663,2451,MS1 annotation,3.000,[M+H]+ [M+Na]+ dm/z=21.9832
1665,11908,MS1 annotation,3.000,[M+Na]+ [M+H]+ dm/z=21.9827
1667,1880,MS1 annotation,4.000,[M-H2O+H]+ [M-H2O+H]+ dm/z=0.0001
1671,10834,MS1 annotation,2.000,[2M+2H]2+ [M+NH4]+ dm/z=17.0256
1672,6576,MS1 annotation,2.000,[M+Na]+ [M+H]+ dm/z=21.9824
1675,2358,MS1 annotation,3.000,[M+Na]+ [M+H]+ dm/z=21.9825
1675,11764,MS1 annotation,3.000,[M+Na]+ [M+H]+ dm/z=21.9794
1676,11903,MS1 annotation,2.000,[2M+2H]2+ [M+NH4]+ dm/z=17.0251
1679,11001,MS1 annotation,7.000,[2M+H]+ [M-H2O+H]+ dm/z=545.3319
1679,1806,MS1 annotation,7.000,[M-2H2O+H]+ [M-H2O+H]+ dm/z=18.0108
1679,2085,MS1 annotation,6.500,[M+Na]+ [M-H2O+H]+ dm/z=39.9920
1679,11893,MS1 annotation,7.000,[2M+Na]+ [M-H2O+H]+ dm/z=567.3202
1683,2032,MS1 annotation,3.000,[M+Na]+ [M+H]+ dm/z=21.9817
1683,5402,MS1 annotation,3.000,[M-H+2Na]+ [M+H]+ dm/z=43.9642
1687,1933,MS1 annotation,7.500,[M+NH4]+ [2M-H+2Na]+ dm/z=325.1875
1687,1924,MS1 annotation,7.500,[M-H+2Na]+ [2M-H+2Na]+ dm/z=298.2498
1694,1855,MS1 annotation,3.500,[M+Na]+ [M-H2O+H]+ dm/z=39.9937
1694,1766,MS1 annotation,4.000,[M-2H2O+H]+ [M-H2O+H]+ dm/z=18.0107
1705,4725,MS1 annotation,4.500,[M+Na]+ [M-H2O+H]+ dm/z=39.9924
1705,1908,MS1 annotation,4.500,[M+H]+ [M-H2O+H]+ dm/z=18.0104
1712,2031,MS1 annotation,4.500,[M-2H2O+H]+ [M+H]+ dm/z=36.0213
1725,1775,MS1 annotation,3.000,[M+Na]+ [M+NH4]+ dm/z=4.9554
1734,4885,MS1 annotation,4.500,[M-H2O+H]+ [M+Na]+ dm/z=39.9934
1735,5032,MS1 annotation,3.000,[M+Na]+ [M+H]+ dm/z=21.9819
1739,6722,MS1 annotation,4.000,[M+K]+ [M-H2O+H]+ dm/z=55.9670
1739,2179,MS1 annotation,4.000,[M+NH4]+ [M-H2O+H]+ dm/z=35.0378
1743,3757,MS1 annotation,2.000,[M+Na]+ [M+H]+ dm/z=21.9805
1748,10096,MS1 annotation,3.500,[2M+Na]+ [M+Na]+ dm/z=594.3368
1749,4309,MS1 annotation,5.000,[M+H]+ [M+Na]+ dm/z=21.9820
1749,1909,MS1 annotation,5.000,[M+NH4]+ [M+Na]+ dm/z=4.9522
1749,3463,MS1 annotation,5.000,[M+H]+ [M+Na]+ dm/z=21.9818
1749,4813,MS1 annotation,5.500,[M-2H2O+H]+ [M+Na]+ dm/z=57.9989
1766,1855,MS1 annotation,3.500,[M+Na]+ [M-2H2O+H]+ dm/z=58.0044
1771,4826,MS1 annotation,2.000,[M+Na]+ [M+H]+ dm/z=21.9817
1772,1844,MS1 annotation,7.500,[M+NH4]+ [M-H2O+H]+ dm/z=35.0368
1772,1875,MS1 annotation,8.500,[2M-H2O+H]+ [M-H2O+H]+ dm/z=392.2905
1776,1857,MS1 annotation,2.500,[M+Na]+ [M-2H2O+H]+ dm/z=58.0027
1780,4716,MS1 annotation,3.000,[M+Na]+ [M+H]+ dm/z=21.9820
1780,11181,MS1 annotation,3.500,[2M+Na]+ [M+H]+ dm/z=328.1744
1787,10479,MS1 annotation,4.000,[M+K]+ [M+Na]+ dm/z=15.9738
1787,4859,MS1 annotation,4.000,[M-H2O+H]+ [M+Na]+ dm/z=39.9929
1787,5426,MS1 annotation,4.000,[M-H2O+H]+ [M+Na]+ dm/z=39.9930
1789,10365,MS1 annotation,3.000,[M+NH4]+ [M+Na]+ dm/z=4.9548
1789,2600,MS1 annotation,3.000,[M+H]+ [M+Na]+ dm/z=21.9811
1804,3550,MS1 annotation,3.000,[M+K]+ [M+Na]+ dm/z=15.9736
1804,2580,MS1 annotation,3.500,[M-H2O+H]+ [M+Na]+ dm/z=39.9926
1806,11001,MS1 annotation,7.000,[2M+H]+ [M-2H2O+H]+ dm/z=563.3428
1806,2085,MS1 annotation,6.500,[M+Na]+ [M-2H2O+H]+ dm/z=58.0028
1806,11893,MS1 annotation,7.000,[2M+Na]+ [M-2H2O+H]+ dm/z=585.3311
1807,7885,MS1 annotation,3.500,[2M+HAc+2H]2+ [M+Na]+ dm/z=8.0298
1809,1992,MS1 annotation,4.000,[2M+H]+ [M+Na]+ dm/z=278.2831
1819,3959,MS1 annotation,4.500,[M+H]+ [M-H2O+H]+ dm/z=18.0103
1819,5100,MS1 annotation,5.000,[M-2H2O+H]+ [M-H2O+H]+ dm/z=18.0103
1819,4864,MS1 annotation,4.500,[M+Na]+ [M-H2O+H]+ dm/z=39.9929
1826,6398,MS1 annotation,2.000,[M+Na]+ [M+H]+ dm/z=21.9798
1827,11505,MS1 annotation,5.500,[3M+H]+ [M+Na]+ dm/z=884.5924
1827,7670,MS1 annotation,5.500,[2M+H]+ [M+Na]+ dm/z=431.3070
1827,1841,MS1 annotation,5.500,[M-H2O+H]+ [M+Na]+ dm/z=39.9923
1831,11196,MS1 annotation,5.500,[2M+K]+ [M+Na]+ dm/z=612.3261
1831,11186,MS1 annotation,5.500,[2M+Na]+ [M+Na]+ dm/z=596.3511
1833,1940,MS1 annotation,3.000,[M+Na]+ [M+H]+ dm/z=21.9819
1836,4851,MS1 annotation,2.500,[M+Na]+ [M-H2O+H]+ dm/z=39.9930
1840,11510,MS1 annotation,2.500,[M-2H2O+H]+ [M+Na]+ dm/z=58.0042
1841,11505,MS1 annotation,6.000,[3M+H]+ [M-H2O+H]+ dm/z=924.5848
1841,7670,MS1 annotation,6.000,[2M+H]+ [M-H2O+H]+ dm/z=471.2993
1844,1875,MS1 annotation,8.000,[2M-H2O+H]+ [M+NH4]+ dm/z=357.2537
1847,2004,MS1 annotation,3.500,[M+Na]+ [M-H2O+H]+ dm/z=39.9930
1848,2082,MS1 annotation,3.000,[M+NH4]+ [M+H]+ dm/z=17.0268
1849,1939,MS1 annotation,2.000,[M+H]+ [M+Na]+ dm/z=21.9830
1850,1863,MS1 annotation,2.000,[M+H]+ [M+Na]+ dm/z=21.9783
1864,2925,MS1 annotation,3.000,[M+NH4]+ [M+Na]+ dm/z=4.9557
1872,1970,MS1 annotation,2.000,[M+H]+ [M+Na]+ dm/z=21.9818
1878,5159,MS1 annotation,4.000,[M+NH4]+ [M+Na]+ dm/z=4.9549
1885,2100,MS1 annotation,3.500,[M+Na]+ [M-2H2O+H]+ dm/z=58.0035
1886,2191,MS1 annotation,4.000,[M-2H2O+H]+ [M+H]+ dm/z=36.0210
1886,4795,MS1 annotation,4.000,[M-H2O+H]+ [M+H]+ dm/z=18.0104
1895,1962,MS1 annotation,3.000,[M-H2O+H]+ [M+H]+ dm/z=18.0105
1908,4725,MS1 annotation,4.000,[M+Na]+ [M+H]+ dm/z=21.9820
1909,4309,MS1 annotation,5.000,[M+H]+ [M+NH4]+ dm/z=17.0298
1909,3463,MS1 annotation,5.000,[M+H]+ [M+NH4]+ dm/z=17.0296
1909,4813,MS1 annotation,5.500,[M-2H2O+H]+ [M+NH4]+ dm/z=53.0468
1910,4843,MS1 annotation,3.000,[M-H2O+H]+ [M+Na]+ dm/z=39.9927
1910,4740,MS1 annotation,3.000,[M-H2O+H]+ [M+Na]+ dm/z=39.9921
1921,4806,MS1 annotation,3.500,[M+Na]+ [M-H2O+H]+ dm/z=39.9931
1921,2102,MS1 annotation,4.000,[M-2H2O+H]+ [M-H2O+H]+ dm/z=18.0106
1924,1933,MS1 annotation,7.000,[M+NH4]+ [M-H+2Na]+ dm/z=26.9377
1927,10111,MS1 annotation,4.500,[M-CO2+H]+ [M+H]+ dm/z=43.9898
1927,3807,MS1 annotation,4.000,[M-CO2+Na]+ [M+H]+ dm/z=22.0070
1927,6588,MS1 annotation,4.000,[M+Na]+ [M+H]+ dm/z=21.9812
1931,5206,MS1 annotation,2.000,[M-H2O+H]+ [M+Na]+ dm/z=39.9945
1938,7708,MS1 annotation,3.000,[M+Na]+ [M-2H2O+H]+ dm/z=58.0075
1938,4529,MS1 annotation,3.000,[M+Na]+ [M-2H2O+H]+ dm/z=58.0040
1949,2070,MS1 annotation,2.500,[M+Na]+ [M-H2O+H]+ dm/z=39.9926
1953,3176,MS1 annotation,5.000,[M+NH4]+ [M+Na]+ dm/z=4.9561
1953,11067,MS1 annotation,5.000,[M+H]+ [M+Na]+ dm/z=21.9836
1953,3132,MS1 annotation,5.000,[M-H2O+H]+ [M+Na]+ dm/z=39.9952
1957,8875,MS1 annotation,2.000,[M+Na]+ [M+H]+ dm/z=21.9820
1964,10436,MS1 annotation,2.000,[M-H2O+H]+ [2M+Na]+ dm/z=528.3126
1978,7823,MS1 annotation,4.500,[M+Na]+ [M-H2O+H]+ dm/z=39.9930
1978,2154,MS1 annotation,4.500,[M+H]+ [M-H2O+H]+ dm/z=18.0104
1978,2125,MS1 annotation,4.500,[M-2H2O+H]+ [M-H2O+H]+ dm/z=18.0105
1979,2181,MS1 annotation,3.500,[M-2H2O+H]+ [M+Na]+ dm/z=58.0031
1983,11276,MS1 annotation,9.000,[M-H2O+H]+ [M+Na]+ dm/z=39.9923
1983,10135,MS1 annotation,9.500,[2M+Na]+ [M+Na]+ dm/z=380.2942
1999,6523,MS1 annotation,3.500,[M-2H2O+H]+ [M+Na]+ dm/z=58.0034
2007,4693,MS1 annotation,6.000,[M+H]+ [M-2H2O+H]+ dm/z=36.0207
2007,6788,MS1 annotation,6.000,[M+K]+ [M-2H2O+H]+ dm/z=73.9767
2007,7126,MS1 annotation,6.500,[2M+Na]+ [M-2H2O+H]+ dm/z=440.3125
2011,2701,MS1 annotation,2.000,[M-H2O+H]+ [M+Na]+ dm/z=39.9925
2016,2301,MS1 annotation,5.000,[M-2H2O+H]+ [M-2H2O+H]+ dm/z=0.0001
2016,2147,MS1 annotation,5.000,[M+Na]+ [M-2H2O+H]+ dm/z=58.0026
2016,2257,MS1 annotation,5.000,[M+Na]+ [M-2H2O+H]+ dm/z=58.0029
2018,7825,MS1 annotation,2.000,[M-H2O+H]+ [M+Na]+ dm/z=39.9924
2026,2589,MS1 annotation,3.500,[M+Na]+ [M-2H2O+H]+ dm/z=58.0035
2026,8002,MS1 annotation,3.500,[M+Na]+ [M-2H2O+H]+ dm/z=58.0004
2027,9902,MS1 annotation,5.000,[M+K]+ [M+H]+ dm/z=37.9570
2027,4856,MS1 annotation,5.500,[2M+Na]+ [M+H]+ dm/z=376.2587
2027,2318,MS1 annotation,5.500,[M-H2O+H]+ [M+H]+ dm/z=18.0106
2032,5402,MS1 annotation,3.000,[M-H+2Na]+ [M+Na]+ dm/z=21.9825
2047,4734,MS1 annotation,2.000,[M+H]+ [M+Na]+ dm/z=21.9811
2058,4979,MS1 annotation,8.500,[M-H2O+H]+ [M+Na]+ dm/z=39.9929
2058,3099,MS1 annotation,8.500,[M-2H2O+H]+ [M+Na]+ dm/z=58.0032
2058,2730,MS1 annotation,8.500,[M-2H2O+H]+ [M+Na]+ dm/z=58.0037
2058,2665,MS1 annotation,8.000,[M+Na]+ [M+Na]+ dm/z=0.0003
2058,5122,MS1 annotation,8.500,[M-H2O+H]+ [M+Na]+ dm/z=39.9926
2058,2215,MS1 annotation,8.000,[M+Na]+ [M+Na]+ dm/z=0.0004
2058,5273,MS1 annotation,8.500,[M-H2O+H]+ [M+Na]+ dm/z=39.9932
2062,4704,MS1 annotation,3.000,[M+H]+ [M+NH4]+ dm/z=17.0284
2065,2227,MS1 annotation,3.500,[M+Na]+ [M-H2O+H]+ dm/z=39.9928
2065,2136,MS1 annotation,3.500,[M+H]+ [M-H2O+H]+ dm/z=18.0106
2066,7182,MS1 annotation,2.000,[M+Na]+ [M+NH4]+ dm/z=4.9564
2075,12381,MS1 annotation,2.500,[M-H2O+H]+ [M+Na]+ dm/z=39.9932
2077,6482,MS1 annotation,2.000,[M+Na]+ [M+NH4]+ dm/z=4.9555
2085,11001,MS1 annotation,6.500,[2M+H]+ [M+Na]+ dm/z=505.3399
2085,11893,MS1 annotation,6.500,[2M+Na]+ [M+Na]+ dm/z=527.3282
2093,2306,MS1 annotation,5.000,[M-2H2O+H]+ [M-2H2O+H]+ dm/z=0.0008
2099,2316,MS1 annotation,4.000,[M-H2O+H]+ [M-H2O+H]+ dm/z=0.0004
2102,4806,MS1 annotation,3.500,[M+Na]+ [M-2H2O+H]+ dm/z=58.0037
2104,4136,MS1 annotation,3.000,[M-2H2O+H]+ [M-H2O+Na]+ dm/z=39.9926
2104,3395,MS1 annotation,3.000,[M+Na]+ [M-H2O+Na]+ dm/z=18.0107
2106,11027,MS1 annotation,2.000,[M+Na]+ [M+H]+ dm/z=21.9855
2113,11760,MS1 annotation,2.500,[M+Na]+ [M-H2O+H]+ dm/z=39.9943
2125,7823,MS1 annotation,4.000,[M+Na]+ [M-2H2O+H]+ dm/z=58.0035
2125,2154,MS1 annotation,4.000,[M+H]+ [M-2H2O+H]+ dm/z=36.0209
2136,2227,MS1 annotation,3.000,[M+Na]+ [M+H]+ dm/z=21.9822
2147,2301,MS1 annotation,5.000,[M-2H2O+H]+ [M+Na]+ dm/z=58.0028
2147,2257,MS1 annotation,5.000,[M+Na]+ [M+Na]+ dm/z=0.0003
2150,5627,MS1 annotation,7.500,[2M-H+2Na]+ [M+Na]+ dm/z=320.2323
2154,7823,MS1 annotation,4.000,[M+Na]+ [M+H]+ dm/z=21.9826
2163,10821,MS1 annotation,2.000,[M+Na]+ [M+NH4]+ dm/z=4.9553
2167,11499,MS1 annotation,3.000,[M+Na]+ [M+H]+ dm/z=21.9839
2167,4736,MS1 annotation,3.000,[M+Na]+ [M+H]+ dm/z=21.9810
2170,2526,MS1 annotation,3.000,[M+Na]+ [M+H]+ dm/z=21.9830
2179,6722,MS1 annotation,4.000,[M+K]+ [M+NH4]+ dm/z=20.9292
2191,4795,MS1 annotation,4.000,[M-H2O+H]+ [M-2H2O+H]+ dm/z=18.0107
2204,7197,MS1 annotation,3.000,[M+H]+ [M+Na]+ dm/z=21.9821
2206,4758,MS1 annotation,2.500,[M+Na]+ [M-2H2O+H]+ dm/z=58.0024
2215,4979,MS1 annotation,8.500,[M-H2O+H]+ [M+Na]+ dm/z=39.9925
2215,3099,MS1 annotation,8.500,[M-2H2O+H]+ [M+Na]+ dm/z=58.0028
2215,2730,MS1 annotation,8.500,[M-2H2O+H]+ [M+Na]+ dm/z=58.0032
2215,2665,MS1 annotation,8.000,[M+Na]+ [M+Na]+ dm/z=0.0002
2215,5122,MS1 annotation,8.500,[M-H2O+H]+ [M+Na]+ dm/z=39.9922
2215,5273,MS1 annotation,8.500,[M-H2O+H]+ [M+Na]+ dm/z=39.9928
2220,2391,MS1 annotation,3.000,[M-2H2O+H]+ [M+Na]+ dm/z=58.0039
2229,2876,MS1 annotation,3.000,[M-2H2O+H]+ [M+Na]+ dm/z=58.0015
2236,2289,MS1 annotation,4.000,[M+H]+ [M-2H2O+H]+ dm/z=36.0208
2238,2421,MS1 annotation,2.000,[M+Na]+ [M+H]+ dm/z=21.9830
2242,2442,MS1 annotation,3.500,[M-2H2O+H]+ [M+Na]+ dm/z=58.0044
2245,2284,MS1 annotation,4.000,[M+Na]+ [M+NH4]+ dm/z=4.9557
2246,2515,MS1 annotation,2.000,[M-H2O+H]+ [M+Na]+ dm/z=39.9950
2248,10374,MS1 annotation,3.500,[M+Na]+ [M-H2O+H]+ dm/z=39.9931
2248,4713,MS1 annotation,3.500,[M+NH4]+ [M-H2O+H]+ dm/z=35.0373
2251,2468,MS1 annotation,4.500,[M+Na]+ [M-2H2O+H]+ dm/z=58.0035
2251,3231,MS1 annotation,4.500,[M+Na]+ [M-2H2O+H]+ dm/z=58.0046
2251,3359,MS1 annotation,5.000,[M-H2O+H]+ [M-2H2O+H]+ dm/z=18.0093
2257,2301,MS1 annotation,5.000,[M-2H2O+H]+ [M+Na]+ dm/z=58.0030
2258,4854,MS1 annotation,3.000,[M+Na]+ [M-2H2O+H]+ dm/z=58.0019
2261,8680,MS1 annotation,4.000,[M-2H2O+H]+ [M-H2O+H]+ dm/z=18.0105
2262,4887,MS1 annotation,4.000,[M-H2O+H]+ [M+Na]+ dm/z=39.9927
2262,4717,MS1 annotation,4.500,[2M+H]+ [M+Na]+ dm/z=417.2873
2270,12373,MS1 annotation,8.000,[M+Na]+ [M+NH4]+ dm/z=4.9550
2270,4647,MS1 annotation,8.500,[2M+Na]+ [M+NH4]+ dm/z=395.2298
2270,4662,MS1 annotation,8.500,[2M+NH4]+ [M+NH4]+ dm/z=390.2738
2270,9948,MS1 annotation,8.000,[M-H2O+H]+ [M+NH4]+ dm/z=35.0369
2271,12237,MS1 annotation,4.000,[M-2H2O+H]+ [M+H]+ dm/z=36.0211
2272,3994,MS1 annotation,2.000,[M+Na]+ [M-H2O+H]+ dm/z=39.9933
2278,2615,MS1 annotation,2.000,[M-2H2O+H]+ [M+Na]+ dm/z=58.0028
2283,12521,MS1 annotation,3.000,[M+Na]+ [M+H]+ dm/z=21.9831
2283,10741,MS1 annotation,3.000,[M+Na]+ [M+H]+ dm/z=21.9803
2291,2910,MS1 annotation,3.500,[M-H2O+H]+ [M+Na]+ dm/z=39.9925
2291,2469,MS1 annotation,3.500,[M-2H2O+H]+ [M+Na]+ dm/z=58.0030
2295,3482,MS1 annotation,2.500,[M+H]+ [M-H2O+NH4]+ dm/z=0.9804
2302,2686,MS1 annotation,2.500,[M-2H2O+H]+ [M+Na]+ dm/z=58.0055
2303,2837,MS1 annotation,3.000,[M+H]+ [M+Na]+ dm/z=21.9825
2311,2568,MS1 annotation,4.000,[M+Na]+ [M+Na]+ dm/z=0.0010
2318,9902,MS1 annotation,5.500,[M+K]+ [M-H2O+H]+ dm/z=55.9676
2318,4856,MS1 annotation,6.000,[2M+Na]+ [M-H2O+H]+ dm/z=394.2694
2319,2803,MS1 annotation,2.000,[M+Na]+ [M+H]+ dm/z=21.9817
2325,8566,MS1 annotation,3.500,[M+NH4]+ [M-H2O+H]+ dm/z=35.0370
2336,2338,MS1 annotation,4.500,[M+Na]+ [M-2H2O+H]+ dm/z=58.0084
2336,2663,MS1 annotation,4.500,[M+Na]+ [M-2H2O+H]+ dm/z=58.0082
2338,2663,MS1 annotation,4.000,[M+Na]+ [M+Na]+ dm/z=0.0002
2338,7977,MS1 annotation,4.500,[M-H2O+Na]+ [M+Na]+ dm/z=18.0105
2343,2488,MS1 annotation,3.500,[M-2H2O+H]+ [M-H2O+H]+ dm/z=18.0107
2344,9680,MS1 annotation,3.500,[M+Na]+ [M-H2O+H]+ dm/z=39.9929
2349,9648,MS1 annotation,5.000,[M-H2O+H]+ [M-2H2O+H]+ dm/z=18.0104
2358,11764,MS1 annotation,3.000,[M+Na]+ [M+Na]+ dm/z=0.0030
2361,8488,MS1 annotation,8.000,[M+Na]+ [M+Na]+ dm/z=0.0002
2362,4036,MS1 annotation,3.000,[M-H2O+H]+ [M+Na]+ dm/z=39.9931
2362,9273,MS1 annotation,3.000,[M+H]+ [M+Na]+ dm/z=21.9825
2368,3071,MS1 annotation,6.500,[M-H2O+H]+ [M+Na]+ dm/z=39.9948
2368,3214,MS1 annotation,6.000,[M+Na]+ [M+Na]+ dm/z=0.0022
2368,2826,MS1 annotation,6.500,[M-2H2O+H]+ [M+Na]+ dm/z=58.0053
2383,3193,MS1 annotation,2.000,[M+Na]+ [M+H]+ dm/z=21.9826
2397,7860,MS1 annotation,3.500,[M+Na]+ [M-H2O+H]+ dm/z=39.9937
2397,5748,MS1 annotation,4.000,[M-2H2O+H]+ [M-H2O+H]+ dm/z=18.0103
2398,6285,MS1 annotation,3.000,[M+Na]+ [M+H]+ dm/z=21.9806
2398,7614,MS1 annotation,3.000,[M+Na]+ [M+H]+ dm/z=21.9819
2399,3135,MS1 annotation,3.500,[M+Na]+ [M-CO+Na]+ dm/z=27.9930
2399,2859,MS1 annotation,4.000,[M-2H2O+H]+ [M-CO+Na]+ dm/z=30.0104
2429,3998,MS1 annotation,3.500,[M+Na]+ [M-2H2O+H]+ dm/z=58.0037
2429,11184,MS1 annotation,3.500,[M+Na]+ [M-2H2O+H]+ dm/z=58.0046
2440,3541,MS1 annotation,3.000,[M-2H2O+H]+ [M+Na]+ dm/z=58.0035
2447,3316,MS1 annotation,4.000,[M-2H2O+H]+ [M+H]+ dm/z=36.0208
2451,10901,MS1 annotation,3.000,[M-H2O+H]+ [M+H]+ dm/z=18.0090
2456,4058,MS1 annotation,4.000,[M+Na]+ [M-H2O+Na]+ dm/z=18.0099
2468,3231,MS1 annotation,4.000,[M+Na]+ [M+Na]+ dm/z=0.0011
2468,3359,MS1 annotation,4.500,[M-H2O+H]+ [M+Na]+ dm/z=39.9942
2469,2910,MS1 annotation,4.000,[M-H2O+H]+ [M-2H2O+H]+ dm/z=18.0105
2475,2743,MS1 annotation,2.500,[M-2H2O+H]+ [M+NH4]+ dm/z=53.0481
2487,3060,MS1 annotation,4.000,[M+H]+ [M-H2O+H]+ dm/z=18.0100
2491,3493,MS1 annotation,3.000,[M+Na]+ [M+Na]+ dm/z=0.0001
2491,9930,MS1 annotation,3.500,[M-H2O+H]+ [M+Na]+ dm/z=39.9949
2496,10170,MS1 annotation,3.500,[M-2H2O+H]+ [M+Na]+ dm/z=58.0037
2511,2656,MS1 annotation,3.500,[M-H2O+H]+ [M+Na]+ dm/z=39.9928
2511,6792,MS1 annotation,3.500,[M-H2O+H]+ [M+Na]+ dm/z=39.9922
2515,10989,MS1 annotation,2.000,[M-H2O+H]+ [M+Na]+ dm/z=39.9926
2522,4871,MS1 annotation,5.000,[M-2H2O+H]+ [M+Na]+ dm/z=57.9991
2522,4912,MS1 annotation,5.000,[M+Na]+ [M+Na]+ dm/z=0.0030
2522,11192,MS1 annotation,5.000,[M-H2O+H]+ [M+Na]+ dm/z=39.9923
2538,4674,MS1 annotation,2.000,[M+H]+ [M+Na]+ dm/z=21.9823
2541,8677,MS1 annotation,6.500,[M+Na]+ [M-2H2O+H]+ dm/z=58.0036
2541,2812,MS1 annotation,6.500,[M+Na]+ [M-2H2O+H]+ dm/z=58.0030
2541,10549,MS1 annotation,7.000,[M-H2O+H]+ [M-2H2O+H]+ dm/z=18.0108
2542,7822,MS1 annotation,2.000,[M+NH4]+ [M+Na]+ dm/z=4.9556
2562,2849,MS1 annotation,3.000,[M-H2O+H]+ [M-2H2O+H]+ dm/z=18.0108
2571,5003,MS1 annotation,4.500,[M+Na]+ [M-H2O+H]+ dm/z=39.9916
2571,4935,MS1 annotation,5.000,[M-2H2O+H]+ [M-H2O+H]+ dm/z=18.0099
2580,3550,MS1 annotation,3.500,[M+K]+ [M-H2O+H]+ dm/z=55.9662
2581,11593,MS1 annotation,2.500,[M-H2O+H]+ [M+Na]+ dm/z=39.9918
2589,8002,MS1 annotation,3.000,[M+Na]+ [M+Na]+ dm/z=0.0031
2590,5202,MS1 annotation,2.500,[M-2H2O+H]+ [M+Na]+ dm/z=58.0038
2594,4794,MS1 annotation,4.000,[M+H]+ [M+NH4]+ dm/z=17.0284
2594,6749,MS1 annotation,4.000,[M+K]+ [M+NH4]+ dm/z=20.9285
2596,4886,MS1 annotation,3.000,[M+Na]+ [M-H2O+H]+ dm/z=39.9919
2596,4959,MS1 annotation,3.500,[M-2H2O+H]+ [M-H2O+H]+ dm/z=18.0105
2600,10365,MS1 annotation,3.000,[M+NH4]+ [M+H]+ dm/z=17.0263
2605,7350,MS1 annotation,3.000,[M-H2O+H]+ [M+Na]+ dm/z=39.9941
2611,2848,MS1 annotation,7.500,[M+Na]+ [M-H2O+H]+ dm/z=39.9926
2611,2617,MS1 annotation,8.000,[M-H2O+H]+ [M-H2O+H]+ dm/z=0.0004
2611,3122,MS1 annotation,7.500,[M+Na]+ [M-H2O+H]+ dm/z=39.9928
2611,3413,MS1 annotation,8.000,[M-2H2O+H]+ [M-H2O+H]+ dm/z=18.0102
2611,3004,MS1 annotation,8.000,[M-H2O+H]+ [M-H2O+H]+ dm/z=0.0001
2617,2848,MS1 annotation,7.500,[M+Na]+ [M-H2O+H]+ dm/z=39.9922
2617,3122,MS1 annotation,7.500,[M+Na]+ [M-H2O+H]+ dm/z=39.9924
2617,3413,MS1 annotation,8.000,[M-2H2O+H]+ [M-H2O+H]+ dm/z=18.0106
2617,3004,MS1 annotation,8.000,[M-H2O+H]+ [M-H2O+H]+ dm/z=0.0003
2631,5129,MS1 annotation,4.000,[M+Na]+ [M+Na]+ dm/z=0.0006
2631,5373,MS1 annotation,4.000,[M-H2O+H]+ [M+Na]+ dm/z=39.9932
2631,5098,MS1 annotation,4.000,[M-H2O+H]+ [M+Na]+ dm/z=39.9938
2639,3124,MS1 annotation,2.000,[M+Na]+ [M+H]+ dm/z=21.9823
2643,6247,MS1 annotation,3.500,[2M+Na]+ [M+Na]+ dm/z=521.3455
2644,4953,MS1 annotation,3.000,[M-2H2O+H]+ [M-H2O+Na]+ dm/z=39.9931
2644,5096,MS1 annotation,3.000,[M+Na]+ [M-H2O+Na]+ dm/z=18.0107
2652,3897,MS1 annotation,4.000,[M-H2O+H]+ [M-CO2+H]+ dm/z=25.9792
2656,6792,MS1 annotation,4.000,[M-H2O+H]+ [M-H2O+H]+ dm/z=0.0006
2663,7977,MS1 annotation,4.500,[M-H2O+Na]+ [M+Na]+ dm/z=18.0103
2665,4979,MS1 annotation,8.500,[M-H2O+H]+ [M+Na]+ dm/z=39.9927
2665,3099,MS1 annotation,8.500,[M-2H2O+H]+ [M+Na]+ dm/z=58.0030
2665,2730,MS1 annotation,8.500,[M-2H2O+H]+ [M+Na]+ dm/z=58.0034
2665,5122,MS1 annotation,8.500,[M-H2O+H]+ [M+Na]+ dm/z=39.9924
2665,5273,MS1 annotation,8.500,[M-H2O+H]+ [M+Na]+ dm/z=39.9929
2669,2791,MS1 annotation,3.000,[M-H2O+H]+ [M+Na]+ dm/z=39.9924
2685,12110,MS1 annotation,3.500,[M+Na]+ [M-2H2O+H]+ dm/z=58.0035
2691,3904,MS1 annotation,9.500,[M-2H2O+H]+ [M-H2O+H]+ dm/z=18.0107
2691,4021,MS1 annotation,9.000,[M+NH4]+ [M-H2O+H]+ dm/z=35.0377
2691,3298,MS1 annotation,9.500,[M-2H2O+H]+ [M-H2O+H]+ dm/z=18.0107
2697,3131,MS1 annotation,4.000,[M+Na]+ [M+Na]+ dm/z=0.0002
2697,4960,MS1 annotation,4.000,[M-H2O+H]+ [M+Na]+ dm/z=39.9954
2698,5094,MS1 annotation,3.500,[M-H2O+NH4]+ [M-2H2O+NH4]+ dm/z=18.0108
2698,2873,MS1 annotation,3.500,[2M+Na]+ [M-2H2O+NH4]+ dm/z=376.2129
2708,4827,MS1 annotation,2.000,[M+Na]+ [M-H2O+H]+ dm/z=39.9929
2711,3001,MS1 annotation,4.000,[M-2H2O+H]+ [M-2H2O+H]+ dm/z=0.0001
2711,6782,MS1 annotation,3.500,[M+Na]+ [M-2H2O+H]+ dm/z=58.0040
2712,10421,MS1 annotation,2.000,[M+Na]+ [M+H]+ dm/z=21.9815
2715,3033,MS1 annotation,2.000,[M+H]+ [M+NH4]+ dm/z=17.0271
2716,3061,MS1 annotation,5.000,[M-H2O+H]+ [M-H2O+H]+ dm/z=0.0003
2716,9651,MS1 annotation,4.500,[M+Na]+ [M-H2O+H]+ dm/z=39.9929
2716,2959,MS1 annotation,5.000,[M-2H2O+H]+ [M-H2O+H]+ dm/z=18.0102
2730,4979,MS1 annotation,9.000,[M-H2O+H]+ [M-2H2O+H]+ dm/z=18.0107
2730,3099,MS1 annotation,9.000,[M-2H2O+H]+ [M-2H2O+H]+ dm/z=0.0004
2730,5122,MS1 annotation,9.000,[M-H2O+H]+ [M-2H2O+H]+ dm/z=18.0110
2730,5273,MS1 annotation,9.000,[M-H2O+H]+ [M-2H2O+H]+ dm/z=18.0105
2741,7957,MS1 annotation,3.500,[M+Na]+ [M-H2O+H]+ dm/z=39.9958
2741,3813,MS1 annotation,3.500,[M+Na]+ [M-H2O+H]+ dm/z=39.9942
2744,11770,MS1 annotation,2.000,[M+NH4]+ [M+Na]+ dm/z=4.9555
2758,5180,MS1 annotation,3.000,[M-H2O+H]+ [M+Na]+ dm/z=39.9949
2758,8859,MS1 annotation,3.500,[M-H2O+Na]+ [M+Na]+ dm/z=18.0119
2767,3305,MS1 annotation,3.000,[2M+HAc+2H]2+ [M-2H2O+H]+ dm/z=66.0317
2772,3266,MS1 annotation,3.500,[M+H]+ [M-2H2O+NH4]+ dm/z=18.9957
2772,3369,MS1 annotation,3.500,[M+H]+ [M-2H2O+NH4]+ dm/z=18.9956
2776,7942,MS1 annotation,3.500,[M-2H2O+H]+ [M-H2O+H]+ dm/z=18.0100
2776,12411,MS1 annotation,3.500,[M+Na]+ [M-H2O+H]+ dm/z=39.9954
2788,11193,MS1 annotation,3.000,[M+NH4]+ [M-2H2O+H]+ dm/z=53.0480
2793,6643,MS1 annotation,4.000,[M+H]+ [M-H2O+H]+ dm/z=18.0103
2793,7923,MS1 annotation,4.000,[M+NH4]+ [M-H2O+H]+ dm/z=35.0381
2795,8690,MS1 annotation,4.500,[M+Na]+ [M-2H2O+H]+ dm/z=58.0064
2804,3039,MS1 annotation,4.000,[M-2H2O+H]+ [M+Na]+ dm/z=58.0032
2812,8677,MS1 annotation,6.000,[M+Na]+ [M+Na]+ dm/z=0.0005
2812,10549,MS1 annotation,6.500,[M-H2O+H]+ [M+Na]+ dm/z=39.9922
2816,3045,MS1 annotation,3.500,[M+Na]+ [M-H2O+Na]+ dm/z=18.0106
2819,2975,MS1 annotation,2.000,[M-2H2O+H]+ [M+Na]+ dm/z=58.0040
2826,3071,MS1 annotation,7.000,[M-H2O+H]+ [M-2H2O+H]+ dm/z=18.0105
2826,3214,MS1 annotation,6.500,[M+Na]+ [M-2H2O+H]+ dm/z=58.0031
2827,5091,MS1 annotation,2.500,[M-H2O+H]+ [M+Na]+ dm/z=39.9937
2832,5017,MS1 annotation,3.000,[M-H2O+H]+ [M+Na]+ dm/z=39.9948
2845,3158,MS1 annotation,2.500,[M+Na]+ [M-2H2O+H]+ dm/z=58.0022
2846,3271,MS1 annotation,6.000,[M-H2O+H]+ [M-H2O+H]+ dm/z=0.0000
2846,5193,MS1 annotation,5.500,[M+H]+ [M-H2O+H]+ dm/z=18.0105
2846,3335,MS1 annotation,6.000,[M-2H2O+H]+ [M-H2O+H]+ dm/z=18.0105
2846,4932,MS1 annotation,5.500,[M+Na]+ [M-H2O+H]+ dm/z=39.9941
2848,3122,MS1 annotation,7.000,[M+Na]+ [M+Na]+ dm/z=0.0001
2848,3413,MS1 annotation,7.500,[M-2H2O+H]+ [M+Na]+ dm/z=58.0028
2848,3004,MS1 annotation,7.500,[M-H2O+H]+ [M+Na]+ dm/z=39.9925
2859,3135,MS1 annotation,3.500,[M+Na]+ [M-2H2O+H]+ dm/z=58.0033
2864,6618,MS1 annotation,5.500,[2M+H]+ [M+Na]+ dm/z=497.3473
2864,6784,MS1 annotation,5.500,[2M+Na]+ [M+Na]+ dm/z=519.3277
2864,10974,MS1 annotation,5.000,[M+H]+ [M+Na]+ dm/z=21.9840
2867,9449,MS1 annotation,2.500,[M+Na]+ [M-H2O+H]+ dm/z=39.9928
2873,5094,MS1 annotation,3.000,[M-H2O+NH4]+ [2M+Na]+ dm/z=358.2021
2877,3330,MS1 annotation,3.000,[M+Na]+ [M-2H2O+H]+ dm/z=58.0030
2877,5267,MS1 annotation,3.500,[M-H2O+H]+ [M-2H2O+H]+ dm/z=18.0101
2893,4900,MS1 annotation,3.500,[M-H2O+H]+ [M+Na]+ dm/z=39.9950
2893,3727,MS1 annotation,3.500,[M-2H2O+H]+ [M+Na]+ dm/z=58.0055
2915,8058,MS1 annotation,2.500,[M-2H2O+H]+ [M+Na]+ dm/z=58.0014
2927,3544,MS1 annotation,4.500,[M+Na]+ [M-2H2O+H]+ dm/z=58.0056
2928,7968,MS1 annotation,4.000,[M-2H2O+H]+ [M-H2O+H]+ dm/z=18.0106
2928,3268,MS1 annotation,3.500,[M+Na]+ [M-H2O+H]+ dm/z=39.9956
2929,11923,MS1 annotation,4.500,[2M+Na]+ [M+NH4]+ dm/z=387.2640
2931,3152,MS1 annotation,5.000,[M-H2O+H]+ [M+Na]+ dm/z=39.9949
2945,3130,MS1 annotation,4.000,[2M-CO2+H+Na]2+ [M-2H2O+Na]+ dm/z=3.0337
2945,4894,MS1 annotation,3.500,[M+NH4]+ [M-2H2O+Na]+ dm/z=31.0666
2949,7063,MS1 annotation,2.000,[M+Na]+ [M+H]+ dm/z=21.9824
2953,3005,MS1 annotation,2.000,[M+H]+ [M+Na]+ dm/z=21.9820
2959,3061,MS1 annotation,5.000,[M-H2O+H]+ [M-2H2O+H]+ dm/z=18.0100
2959,9651,MS1 annotation,4.500,[M+Na]+ [M-2H2O+H]+ dm/z=58.0031
2960,5793,MS1 annotation,4.000,[M+H]+ [M-H2O+H]+ dm/z=18.0118
2967,4735,MS1 annotation,2.000,[M+H]+ [M+Na]+ dm/z=21.9818
2968,5187,MS1 annotation,2.000,[M+Na]+ [M-H2O+H]+ dm/z=39.9924
2993,3618,MS1 annotation,3.500,[M+H]+ [M-H2O+H]+ dm/z=18.0103
2993,5630,MS1 annotation,3.500,[M+Na]+ [M-H2O+H]+ dm/z=39.9923
3001,6782,MS1 annotation,3.500,[M+Na]+ [M-2H2O+H]+ dm/z=58.0041
3004,3122,MS1 annotation,7.500,[M+Na]+ [M-H2O+H]+ dm/z=39.9926
3004,3413,MS1 annotation,8.000,[M-2H2O+H]+ [M-H2O+H]+ dm/z=18.0104
3023,8690,MS1 annotation,4.500,[M+Na]+ [M-H2O+Na]+ dm/z=18.0104
3025,5887,MS1 annotation,2.000,[M+NH4]+ [M+Na]+ dm/z=4.9537
3045,5044,MS1 annotation,3.500,[M-H2O+H]+ [M+Na]+ dm/z=39.9948
3049,7892,MS1 annotation,3.000,[M+Na]+ [M+Na]+ dm/z=0.0025
3049,5078,MS1 annotation,3.000,[M-H2O+H]+ [M+Na]+ dm/z=39.9931
3061,9651,MS1 annotation,4.500,[M+Na]+ [M-H2O+H]+ dm/z=39.9931
3071,3214,MS1 annotation,6.500,[M+Na]+ [M-H2O+H]+ dm/z=39.9926
3073,5236,MS1 annotation,3.000,[M-H2O+H]+ [M+Na]+ dm/z=39.9933
3073,3435,MS1 annotation,3.000,[M+Na]+ [M+Na]+ dm/z=0.0002
3095,5277,MS1 annotation,2.500,[M-H2O+H]+ [M+Na]+ dm/z=39.9929
3099,4979,MS1 annotation,9.000,[M-H2O+H]+ [M-2H2O+H]+ dm/z=18.0103
3099,5122,MS1 annotation,9.000,[M-H2O+H]+ [M-2H2O+H]+ dm/z=18.0106
3099,5273,MS1 annotation,9.000,[M-H2O+H]+ [M-2H2O+H]+ dm/z=18.0100
3122,3413,MS1 annotation,7.500,[M-2H2O+H]+ [M+Na]+ dm/z=58.0030
3131,4960,MS1 annotation,4.000,[M-H2O+H]+ [M+Na]+ dm/z=39.9953
3132,3176,MS1 annotation,5.000,[M+NH4]+ [M-H2O+H]+ dm/z=35.0391
3132,11067,MS1 annotation,5.000,[M+H]+ [M-H2O+H]+ dm/z=18.0116
3143,5149,MS1 annotation,5.500,[M-2H2O+H]+ [M+Na]+ dm/z=58.0036
3143,9295,MS1 annotation,5.500,[M-H2O+H]+ [M+Na]+ dm/z=39.9934
3143,3200,MS1 annotation,5.000,[M+Na]+ [M+Na]+ dm/z=0.0000
3143,5029,MS1 annotation,5.500,[M-2H2O+H]+ [M+Na]+ dm/z=58.0038
3162,4602,MS1 annotation,2.500,[M+Na]+ [M-H2O+H]+ dm/z=39.9935
3168,5156,MS1 annotation,4.000,[M-H2O+H]+ [M+Na]+ dm/z=39.9935
3168,5225,MS1 annotation,4.000,[M-H2O+H]+ [M+Na]+ dm/z=39.9929
3168,3213,MS1 annotation,4.000,[M+Na]+ [M+Na]+ dm/z=0.0000
3174,3595,MS1 annotation,3.500,[M+Na]+ [M-H2O+H]+ dm/z=39.9926
3176,11067,MS1 annotation,5.000,[M+H]+ [M+NH4]+ dm/z=17.0276
3184,5163,MS1 annotation,2.000,[M+Na]+ [M+H]+ dm/z=21.9822
3200,5149,MS1 annotation,5.500,[M-2H2O+H]+ [M+Na]+ dm/z=58.0036
3200,9295,MS1 annotation,5.500,[M-H2O+H]+ [M+Na]+ dm/z=39.9934
3200,5029,MS1 annotation,5.500,[M-2H2O+H]+ [M+Na]+ dm/z=58.0038
3205,7390,MS1 annotation,3.500,[M+HAc+Na]+ [M+H]+ dm/z=82.0035
3205,3348,MS1 annotation,3.000,[M+Na]+ [M+H]+ dm/z=21.9837
3206,9046,MS1 annotation,2.000,[M+Na]+ [M-2H2O+H]+ dm/z=58.0034
3213,5156,MS1 annotation,4.000,[M-H2O+H]+ [M+Na]+ dm/z=39.9935
3213,5225,MS1 annotation,4.000,[M-H2O+H]+ [M+Na]+ dm/z=39.9929
3217,5509,MS1 annotation,2.500,[M-H2O+H]+ [M+Na]+ dm/z=39.9930
3229,10097,MS1 annotation,5.500,[M-H2O+NH4]+ [M-H2O+H]+ dm/z=17.0261
3229,9044,MS1 annotation,5.000,[M+NH4]+ [M-H2O+H]+ dm/z=35.0365
3231,3359,MS1 annotation,4.500,[M-H2O+H]+ [M+Na]+ dm/z=39.9953
3241,6669,MS1 annotation,3.500,[M+Na]+ [M-2H2O+H]+ dm/z=58.0048
3241,6732,MS1 annotation,3.500,[M+Na]+ [M-2H2O+H]+ dm/z=58.0056
3245,3251,MS1 annotation,3.000,[M+H]+ [M-H2O+H]+ dm/z=18.0119
3250,4289,MS1 annotation,2.500,[M+Na]+ [M-2H2O+H]+ dm/z=58.0036
3262,3795,MS1 annotation,2.500,[M+Na]+ [M-H2O+H]+ dm/z=39.9953
3266,3369,MS1 annotation,3.000,[M+H]+ [M+H]+ dm/z=0.0001
3268,7968,MS1 annotation,3.500,[M-2H2O+H]+ [M+Na]+ dm/z=58.0062
3271,5193,MS1 annotation,5.500,[M+H]+ [M-H2O+H]+ dm/z=18.0105
3271,3335,MS1 annotation,6.000,[M-2H2O+H]+ [M-H2O+H]+ dm/z=18.0105
3271,4932,MS1 annotation,5.500,[M+Na]+ [M-H2O+H]+ dm/z=39.9941
3272,8047,MS1 annotation,3.500,[M-H+2Na]+ [M-H2O+H]+ dm/z=61.9739
3272,4918,MS1 annotation,3.500,[M+Na]+ [M-H2O+H]+ dm/z=39.9919
3298,3904,MS1 annotation,10.000,[M-2H2O+H]+ [M-2H2O+H]+ dm/z=0.0000
3298,4021,MS1 annotation,9.500,[M+NH4]+ [M-2H2O+H]+ dm/z=53.0484
3312,5242,MS1 annotation,2.000,[M-H2O+H]+ [M+Na]+ dm/z=39.9933
3330,5267,MS1 annotation,3.500,[M-H2O+H]+ [M+Na]+ dm/z=39.9929
3335,5193,MS1 annotation,5.500,[M+H]+ [M-2H2O+H]+ dm/z=36.0210
3335,4932,MS1 annotation,5.500,[M+Na]+ [M-2H2O+H]+ dm/z=58.0046
3348,7390,MS1 annotation,3.500,[M+HAc+Na]+ [M+Na]+ dm/z=60.0198
3380,12466,MS1 annotation,2.000,[M-H2O+H]+ [M+Na]+ dm/z=39.9925
3382,5474,MS1 annotation,6.000,[M-2H2O+H]+ [M-2H2O+H]+ dm/z=0.0001
3394,6636,MS1 annotation,3.500,[M+Na]+ [M-H2O+H]+ dm/z=39.9915
3395,4136,MS1 annotation,3.000,[M-2H2O+H]+ [M+Na]+ dm/z=58.0033
3398,4161,MS1 annotation,3.500,[M-H2O+H]+ [M+Na]+ dm/z=39.9931
3398,10775,MS1 annotation,3.000,[M+Na]+ [M+Na]+ dm/z=0.0019
3407,3868,MS1 annotation,3.000,[M-H2O+H]+ [M+Na]+ dm/z=39.9946
3435,5236,MS1 annotation,3.000,[M-H2O+H]+ [M+Na]+ dm/z=39.9935
3463,4309,MS1 annotation,5.000,[M+H]+ [M+H]+ dm/z=0.0002
3463,4813,MS1 annotation,5.500,[M-2H2O+H]+ [M+H]+ dm/z=36.0171
3492,4944,MS1 annotation,3.000,[M+Na]+ [M-H2O+H]+ dm/z=39.9951
3492,3917,MS1 annotation,3.000,[M-H2O+H]+ [M-H2O+H]+ dm/z=0.0002
3493,9930,MS1 annotation,3.500,[M-H2O+H]+ [M+Na]+ dm/z=39.9950
3510,4255,MS1 annotation,3.500,[M-H2O+Na]+ [M+Na]+ dm/z=18.0123
3510,4072,MS1 annotation,3.000,[M+NH4]+ [M+Na]+ dm/z=4.9530
3513,4928,MS1 annotation,2.500,[M-2H2O+H]+ [M+Na]+ dm/z=58.0054
3540,5847,MS1 annotation,4.000,[M-H2O+H]+ [M-2H2O+H]+ dm/z=18.0103
3540,4302,MS1 annotation,3.500,[M+Na]+ [M-2H2O+H]+ dm/z=58.0029
3544,4025,MS1 annotation,4.500,[M-CO2+Na]+ [M+Na]+ dm/z=43.9900
3551,10057,MS1 annotation,5.000,[M+Na]+ [M+Na]+ dm/z=0.0002
3553,5410,MS1 annotation,3.000,[M-H2O+H]+ [M+Na]+ dm/z=39.9936
3562,7816,MS1 annotation,2.000,[M+Na]+ [M-H2O+H]+ dm/z=39.9942
3613,7020,MS1 annotation,2.000,[M+NH4]+ [M+H]+ dm/z=17.0266
3618,5630,MS1 annotation,3.000,[M+Na]+ [M+H]+ dm/z=21.9819
3680,4929,MS1 annotation,4.500,[M-2H2O+H]+ [M+Na]+ dm/z=58.0061
3680,4394,MS1 annotation,4.000,[M+Na]+ [M+Na]+ dm/z=0.0008
3695,3977,MS1 annotation,2.500,[M-H2O+H]+ [M+Na]+ dm/z=39.9935
3727,4900,MS1 annotation,4.000,[M-H2O+H]+ [M-2H2O+H]+ dm/z=18.0105
3742,4150,MS1 annotation,2.500,[M-2H2O+H]+ [M+Na]+ dm/z=58.0030
3807,10111,MS1 annotation,4.500,[M-CO2+H]+ [M-CO2+Na]+ dm/z=21.9827
3807,6588,MS1 annotation,4.000,[M+Na]+ [M-CO2+Na]+ dm/z=43.9883
3813,7957,MS1 annotation,3.000,[M+Na]+ [M+Na]+ dm/z=0.0016
3904,4021,MS1 annotation,9.500,[M+NH4]+ [M-2H2O+H]+ dm/z=53.0484
3917,4944,MS1 annotation,3.000,[M+Na]+ [M-H2O+H]+ dm/z=39.9953
3959,5100,MS1 annotation,4.500,[M-2H2O+H]+ [M+H]+ dm/z=36.0206
3959,4864,MS1 annotation,4.000,[M+Na]+ [M+H]+ dm/z=21.9826
3998,11184,MS1 annotation,3.000,[M+Na]+ [M+Na]+ dm/z=0.0009
4036,9273,MS1 annotation,3.000,[M+H]+ [M-H2O+H]+ dm/z=18.0106
4041,4363,MS1 annotation,4.000,[M-H2O+H]+ [M-H2O+H]+ dm/z=0.0006
4041,4905,MS1 annotation,3.500,[M+Na]+ [M-H2O+H]+ dm/z=39.9927
4068,8092,MS1 annotation,4.000,[M+NH4]+ [M+Na]+ dm/z=4.9507
4068,5370,MS1 annotation,4.000,[M+Na]+ [M+Na]+ dm/z=0.0042
4124,9560,MS1 annotation,3.000,[M+H]+ [M+Na]+ dm/z=21.9791
4161,10775,MS1 annotation,3.500,[M+Na]+ [M-H2O+H]+ dm/z=39.9912
4192,7395,MS1 annotation,2.500,[M-2H2O+H]+ [M+Na]+ dm/z=58.0033
4279,8001,MS1 annotation,2.500,[M+Na]+ [M-H2O+H]+ dm/z=39.9934
4302,5847,MS1 annotation,3.500,[M-H2O+H]+ [M+Na]+ dm/z=39.9926
4303,5787,MS1 annotation,3.000,[M-H2O+H]+ [M+Na]+ dm/z=39.9928
4309,4813,MS1 annotation,5.500,[M-2H2O+H]+ [M+H]+ dm/z=36.0169
4310,6922,MS1 annotation,3.500,[M+Na]+ [M-H2O+H]+ dm/z=39.9949
4310,4375,MS1 annotation,3.500,[M+H]+ [M-H2O+H]+ dm/z=18.0106
4354,5313,MS1 annotation,4.500,[M-H2O+H]+ [M+Na]+ dm/z=39.9946
4354,5470,MS1 annotation,4.500,[M-H2O+H]+ [M+Na]+ dm/z=39.9948
4354,4517,MS1 annotation,4.000,[M+Na]+ [M+Na]+ dm/z=0.0014
4363,4905,MS1 annotation,3.500,[M+Na]+ [M-H2O+H]+ dm/z=39.9934
4394,4929,MS1 annotation,4.500,[M-2H2O+H]+ [M+Na]+ dm/z=58.0053
4413,6589,MS1 annotation,4.000,[M+Na]+ [M+H]+ dm/z=21.9815
4413,6212,MS1 annotation,4.000,[M+Na]+ [M+H]+ dm/z=21.9813
4471,5688,MS1 annotation,2.500,[M-H2O+H]+ [M+Na]+ dm/z=39.9927
4480,10424,MS1 annotation,3.000,[M-2H2O+2H]2+ [M+Na]+ dm/z=336.2287
4480,5702,MS1 annotation,3.000,[M-H2O+H]+ [M+Na]+ dm/z=39.9949
4488,11932,MS1 annotation,3.500,[M+NH4]+ [M-H2O+H]+ dm/z=35.0398
4488,10850,MS1 annotation,3.500,[M+Na]+ [M-H2O+H]+ dm/z=39.9929
4506,8191,MS1 annotation,3.000,[M+Na]+ [M+Na]+ dm/z=0.0016
4506,5658,MS1 annotation,3.500,[M-H2O+H]+ [M+Na]+ dm/z=39.9951
4508,12113,MS1 annotation,2.000,[M+Na]+ [M+H]+ dm/z=21.9823
4517,5313,MS1 annotation,4.500,[M-H2O+H]+ [M+Na]+ dm/z=39.9932
4517,5470,MS1 annotation,4.500,[M-H2O+H]+ [M+Na]+ dm/z=39.9934
4529,7708,MS1 annotation,3.000,[M+Na]+ [M+Na]+ dm/z=0.0035
4577,10311,MS1 annotation,2.000,[M+H]+ [M+Na]+ dm/z=21.9817
4647,12373,MS1 annotation,8.500,[M+Na]+ [2M+Na]+ dm/z=390.2749
4647,4662,MS1 annotation,9.000,[2M+NH4]+ [2M+Na]+ dm/z=4.9560
4647,9948,MS1 annotation,8.500,[M-H2O+H]+ [2M+Na]+ dm/z=430.2667
4662,12373,MS1 annotation,8.500,[M+Na]+ [2M+NH4]+ dm/z=385.3189
4662,9948,MS1 annotation,8.500,[M-H2O+H]+ [2M+NH4]+ dm/z=425.3107
4669,4714,MS1 annotation,2.000,[M+Na]+ [M+H]+ dm/z=21.9817
4676,4923,MS1 annotation,3.000,[M-H2O+H]+ [M+H]+ dm/z=18.0096
4676,9915,MS1 annotation,3.000,[M+Na]+ [M+H]+ dm/z=21.9795
4693,6788,MS1 annotation,6.000,[M+K]+ [M+H]+ dm/z=37.9560
4693,7126,MS1 annotation,6.500,[2M+Na]+ [M+H]+ dm/z=404.2917
4713,10374,MS1 annotation,3.000,[M+Na]+ [M+NH4]+ dm/z=4.9558
4716,11181,MS1 annotation,3.500,[2M+Na]+ [M+Na]+ dm/z=306.1924
4717,4887,MS1 annotation,4.500,[M-H2O+H]+ [2M+H]+ dm/z=457.2800
4736,11499,MS1 annotation,3.000,[M+Na]+ [M+Na]+ dm/z=0.0029
4737,9111,MS1 annotation,4.000,[M+Na]+ [M-2H2O+H]+ dm/z=58.0032
4737,6551,MS1 annotation,4.000,[M+H]+ [M-2H2O+H]+ dm/z=36.0215
4737,6235,MS1 annotation,4.500,[M-H2O+H]+ [M-2H2O+H]+ dm/z=18.0107
4740,4843,MS1 annotation,3.000,[M-H2O+H]+ [M-H2O+H]+ dm/z=0.0006
4747,11238,MS1 annotation,2.500,[M-H2O+H]+ [M+Na]+ dm/z=39.9927
4767,9803,MS1 annotation,2.500,[M-H2O+H]+ [M+Na]+ dm/z=39.9930
4769,6479,MS1 annotation,3.500,[M-H2O+H]+ [M+Na]+ dm/z=39.9930
4769,10785,MS1 annotation,3.500,[M-CO+K]+ [M+Na]+ dm/z=12.0210
4772,7807,MS1 annotation,2.000,[M+Na]+ [M+H]+ dm/z=21.9799
4777,11463,MS1 annotation,2.000,[M+H]+ [M+Na]+ dm/z=21.9832
4794,6749,MS1 annotation,4.000,[M+K]+ [M+H]+ dm/z=37.9568
4819,4903,MS1 annotation,4.500,[M+NH4]+ [M+HAc+NH4]+ dm/z=60.0211
4825,12177,MS1 annotation,3.000,[M+NH4]+ [M+H]+ dm/z=17.0278
4856,9902,MS1 annotation,5.500,[M+K]+ [2M+Na]+ dm/z=338.3018
4859,10479,MS1 annotation,4.000,[M+K]+ [M-H2O+H]+ dm/z=55.9667
4859,5426,MS1 annotation,4.000,[M-H2O+H]+ [M-H2O+H]+ dm/z=0.0001
4864,5100,MS1 annotation,4.500,[M-2H2O+H]+ [M+Na]+ dm/z=58.0032
4871,4912,MS1 annotation,5.000,[M+Na]+ [M-2H2O+H]+ dm/z=58.0020
4871,11192,MS1 annotation,5.000,[M-H2O+H]+ [M-2H2O+H]+ dm/z=18.0068
4885,4934,MS1 annotation,4.500,[M+H]+ [M-H2O+H]+ dm/z=18.0092
4886,4959,MS1 annotation,3.500,[M-2H2O+H]+ [M+Na]+ dm/z=58.0024
4912,11192,MS1 annotation,5.000,[M-H2O+H]+ [M+Na]+ dm/z=39.9953
4918,8047,MS1 annotation,3.000,[M-H+2Na]+ [M+Na]+ dm/z=21.9821
4923,9915,MS1 annotation,3.000,[M+Na]+ [M-H2O+H]+ dm/z=39.9891
4935,5003,MS1 annotation,4.500,[M+Na]+ [M-2H2O+H]+ dm/z=58.0015
4941,5252,MS1 annotation,3.000,[M-2H2O+H]+ [M+Na]+ dm/z=58.0041
4941,5244,MS1 annotation,3.000,[M-2H2O+H]+ [M+Na]+ dm/z=58.0039
4953,5096,MS1 annotation,3.000,[M+Na]+ [M-2H2O+H]+ dm/z=58.0038
4969,7777,MS1 annotation,3.000,[M-H2O+H]+ [M+H]+ dm/z=18.0100
4979,5122,MS1 annotation,9.000,[M-H2O+H]+ [M-H2O+H]+ dm/z=0.0003
4979,5273,MS1 annotation,9.000,[M-H2O+H]+ [M-H2O+H]+ dm/z=0.0003
4993,5025,MS1 annotation,3.000,[M+Na]+ [M+Na]+ dm/z=0.0001
4996,6632,MS1 annotation,3.500,[M+H]+ [M-H2O+H]+ dm/z=18.0103
4999,5275,MS1 annotation,2.000,[M-2H2O+H]+ [M+Na]+ dm/z=58.0044
5029,5149,MS1 annotation,6.000,[M-2H2O+H]+ [M-2H2O+H]+ dm/z=0.0003
5029,9295,MS1 annotation,6.000,[M-H2O+H]+ [M-2H2O+H]+ dm/z=18.0104
5065,5142,MS1 annotation,2.000,[M+Na]+ [M+NH4]+ dm/z=4.9552
5075,11194,MS1 annotation,3.500,[M-H2O+H]+ [M-2H2O+H]+ dm/z=18.0107
5078,7892,MS1 annotation,3.000,[M+Na]+ [M-H2O+H]+ dm/z=39.9956
5098,5129,MS1 annotation,4.000,[M+Na]+ [M-H2O+H]+ dm/z=39.9932
5098,5373,MS1 annotation,4.000,[M-H2O+H]+ [M-H2O+H]+ dm/z=0.0006
5114,6349,MS1 annotation,3.000,[M+H]+ [M+Na]+ dm/z=21.9845
5114,6278,MS1 annotation,3.000,[M+Na]+ [M+Na]+ dm/z=0.0001
5122,5273,MS1 annotation,9.000,[M-H2O+H]+ [M-H2O+H]+ dm/z=0.0006
5129,5373,MS1 annotation,4.000,[M-H2O+H]+ [M+Na]+ dm/z=39.9926
5149,9295,MS1 annotation,6.000,[M-H2O+H]+ [M-2H2O+H]+ dm/z=18.0102
5156,5225,MS1 annotation,4.000,[M-H2O+H]+ [M-H2O+H]+ dm/z=0.0006
5171,11431,MS1 annotation,2.000,[M+Na]+ [M+NH4]+ dm/z=4.9567
5180,8859,MS1 annotation,3.500,[M-H2O+Na]+ [M-H2O+H]+ dm/z=21.9830
5201,5508,MS1 annotation,2.000,[M+Na]+ [M+H]+ dm/z=21.9809
5228,8203,MS1 annotation,2.000,[M+Na]+ [M+H]+ dm/z=21.9813
5244,5252,MS1 annotation,3.000,[M-2H2O+H]+ [M-2H2O+H]+ dm/z=0.0002
5313,5470,MS1 annotation,5.000,[M-H2O+H]+ [M-H2O+H]+ dm/z=0.0002
5370,8092,MS1 annotation,4.000,[M+NH4]+ [M+Na]+ dm/z=4.9549
5395,10036,MS1 annotation,3.000,[M+Na]+ [M+Na]+ dm/z=0.0028
5395,6797,MS1 annotation,3.000,[M+NH4]+ [M+Na]+ dm/z=4.9574
5421,7425,MS1 annotation,2.500,[2M-2H2O+Na]+ [M+H]+ dm/z=292.1816
5426,10479,MS1 annotation,4.000,[M+K]+ [M-H2O+H]+ dm/z=55.9668
5486,7966,MS1 annotation,2.000,[M-H2O+Na]+ [M+NH4]+ dm/z=13.0543
5573,6415,MS1 annotation,2.000,[M-H2O+H]+ [M+Na]+ dm/z=39.9911
5658,8191,MS1 annotation,3.500,[M+Na]+ [M-H2O+H]+ dm/z=39.9968
5702,10424,MS1 annotation,3.000,[M-2H2O+2H]2+ [M-H2O+H]+ dm/z=296.2338
5748,7860,MS1 annotation,3.500,[M+Na]+ [M-2H2O+H]+ dm/z=58.0039
5971,8085,MS1 annotation,2.000,[M+Na]+ [M-H2O+NH4]+ dm/z=22.9655
6009,6635,MS1 annotation,2.500,[M+Na]+ [M-H2O+H]+ dm/z=39.9931
6118,6444,MS1 annotation,2.000,[M+H]+ [M+Na]+ dm/z=21.9821
6142,6146,MS1 annotation,2.000,[M+Na]+ [M+NH4]+ dm/z=4.9546
6145,11573,MS1 annotation,3.500,[2M+Na]+ [M+H]+ dm/z=628.2665
6145,6165,MS1 annotation,3.000,[M+Na]+ [M+H]+ dm/z=21.9828
6150,6204,MS1 annotation,5.000,[M-H2O+H]+ [M+Na]+ dm/z=39.9921
6150,7752,MS1 annotation,5.500,[2M+Na]+ [M+Na]+ dm/z=486.2854
6150,6183,MS1 annotation,5.000,[M+NH4]+ [M+Na]+ dm/z=4.9551
6150,6458,MS1 annotation,5.000,[M+H]+ [M+Na]+ dm/z=21.9814
6155,6205,MS1 annotation,4.000,[2M+Na]+ [2M+H]+ dm/z=21.9808
6159,6785,MS1 annotation,2.000,[M+Na]+ [M+NH4]+ dm/z=4.9563
6165,11573,MS1 annotation,3.500,[2M+Na]+ [M+Na]+ dm/z=606.2837
6165,11594,MS1 annotation,3.000,[M+H]+ [M+Na]+ dm/z=21.9802
6165,11573,MS1 annotation,3.500,[2M+Na]+ [M+Na]+ dm/z=606.2837
6166,9600,MS1 annotation,7.000,[M+H]+ [M+NH4]+ dm/z=17.0259
6166,8616,MS1 annotation,7.000,[M+NH4]+ [M+NH4]+ dm/z=0.0011
6166,12253,MS1 annotation,7.000,[M+Na]+ [M+NH4]+ dm/z=4.9531
6166,6219,MS1 annotation,7.500,[M-H2O+H]+ [M+NH4]+ dm/z=35.0389
6166,6250,MS1 annotation,7.000,[M+Na]+ [M+NH4]+ dm/z=4.9556
6168,7626,MS1 annotation,3.500,[M-H2O+H]+ [M+Na]+ dm/z=39.9921
6168,7749,MS1 annotation,3.000,[M+H]+ [M+Na]+ dm/z=21.9816
6172,6347,MS1 annotation,2.000,[M+Na]+ [M+H]+ dm/z=21.9830
6180,8493,MS1 annotation,2.000,[M+NH4]+ [M+Na]+ dm/z=4.9561
6182,6387,MS1 annotation,5.500,[2M+Na]+ [M+NH4]+ dm/z=519.2676
6182,6498,MS1 annotation,5.000,[M+K]+ [M+NH4]+ dm/z=20.9300
6182,6508,MS1 annotation,5.000,[M+H]+ [M+NH4]+ dm/z=17.0258
6182,6211,MS1 annotation,5.000,[M-H2O+H]+ [M+NH4]+ dm/z=35.0364
6183,6204,MS1 annotation,5.000,[M-H2O+H]+ [M+NH4]+ dm/z=35.0370
6183,7752,MS1 annotation,5.500,[2M+Na]+ [M+NH4]+ dm/z=491.2405
6183,6458,MS1 annotation,5.000,[M+H]+ [M+NH4]+ dm/z=17.0263
6184,6256,MS1 annotation,2.000,[M+Na]+ [M+H]+ dm/z=21.9798
6187,6378,MS1 annotation,3.000,[M+Na]+ [M+NH4]+ dm/z=4.9552
6187,9216,MS1 annotation,3.000,[M+H]+ [M+NH4]+ dm/z=17.0289
6200,11589,MS1 annotation,2.000,[M+NH4]+ [M+Na]+ dm/z=4.9563
6204,7752,MS1 annotation,5.500,[2M+Na]+ [M-H2O+H]+ dm/z=526.2776
6204,6458,MS1 annotation,5.000,[M+H]+ [M-H2O+H]+ dm/z=18.0107
6209,10023,MS1 annotation,2.000,[M+Na]+ [M+H]+ dm/z=21.9850
6211,6387,MS1 annotation,5.500,[2M+Na]+ [M-H2O+H]+ dm/z=554.3040
6211,6498,MS1 annotation,5.000,[M+K]+ [M-H2O+H]+ dm/z=55.9664
6211,6508,MS1 annotation,5.000,[M+H]+ [M-H2O+H]+ dm/z=18.0107
6212,6589,MS1 annotation,4.000,[M+Na]+ [M+Na]+ dm/z=0.0002
6214,11582,MS1 annotation,3.500,[2M+Na]+ [M+Na]+ dm/z=620.2963
6214,7661,MS1 annotation,3.000,[M+H]+ [M+Na]+ dm/z=21.9792
6219,9600,MS1 annotation,7.500,[M+H]+ [M-H2O+H]+ dm/z=18.0130
6219,8616,MS1 annotation,7.500,[M+NH4]+ [M-H2O+H]+ dm/z=35.0378
6219,12253,MS1 annotation,7.500,[M+Na]+ [M-H2O+H]+ dm/z=39.9920
6219,6250,MS1 annotation,7.500,[M+Na]+ [M-H2O+H]+ dm/z=39.9945
6235,9111,MS1 annotation,4.500,[M+Na]+ [M-H2O+H]+ dm/z=39.9925
6235,6551,MS1 annotation,4.500,[M+H]+ [M-H2O+H]+ dm/z=18.0108
6244,6357,MS1 annotation,2.000,[M+Na]+ [M+H]+ dm/z=21.9821
6250,9600,MS1 annotation,7.000,[M+H]+ [M+Na]+ dm/z=21.9815
6250,8616,MS1 annotation,7.000,[M+NH4]+ [M+Na]+ dm/z=4.9567
6250,12253,MS1 annotation,7.000,[M+Na]+ [M+Na]+ dm/z=0.0025
6259,9758,MS1 annotation,4.000,[M+NH4]+ [M+Na]+ dm/z=4.9527
6259,8137,MS1 annotation,4.000,[M+H]+ [M+Na]+ dm/z=21.9783
6276,8540,MS1 annotation,2.000,[M+NH4]+ [M+Na]+ dm/z=4.9548
6278,6349,MS1 annotation,3.000,[M+H]+ [M+Na]+ dm/z=21.9846
6285,7614,MS1 annotation,3.000,[M+Na]+ [M+Na]+ dm/z=0.0013
6286,6370,MS1 annotation,2.000,[M+Na]+ [M+H]+ dm/z=21.9822
6289,8531,MS1 annotation,2.000,[M+NH4]+ [M+Na]+ dm/z=4.9556
6291,6426,MS1 annotation,3.000,[M+Na]+ [M+H]+ dm/z=21.9831
6291,11566,MS1 annotation,3.000,[M+H]+ [M+H]+ dm/z=0.0027
6293,8521,MS1 annotation,4.000,[M+Na]+ [M+NH4]+ dm/z=4.9538
6293,11679,MS1 annotation,4.000,[M+Na]+ [M+NH4]+ dm/z=4.9565
6293,7833,MS1 annotation,4.000,[M-H2O+H]+ [M+NH4]+ dm/z=35.0372
6298,7702,MS1 annotation,4.000,[M+Na]+ [M-H2O+H]+ dm/z=39.9918
6298,6499,MS1 annotation,4.000,[M+H]+ [M-H2O+H]+ dm/z=18.0103
6311,6410,MS1 annotation,2.000,[M+NH4]+ [M+Na]+ dm/z=4.9581
6318,9100,MS1 annotation,4.000,[M+K]+ [M+Na]+ dm/z=15.9726
6318,6480,MS1 annotation,4.000,[M+NH4]+ [M+Na]+ dm/z=4.9556
6318,9764,MS1 annotation,4.000,[M+Na]+ [M+Na]+ dm/z=0.0022
6319,6325,MS1 annotation,2.000,[M+Na]+ [M+2H]2+ dm/z=538.7517
6322,6363,MS1 annotation,6.000,[2M+Na]+ [2M+NH4]+ dm/z=4.9548
6330,9122,MS1 annotation,2.000,[M+Na]+ [M-2H2O+H]+ dm/z=58.0036
6335,11601,MS1 annotation,2.000,[M+NH4]+ [M+Na]+ dm/z=4.9568
6336,7748,MS1 annotation,2.000,[M+NH4]+ [M+Na]+ dm/z=4.9544
6339,6742,MS1 annotation,2.000,[M+NH4]+ [M+Na]+ dm/z=4.9566
6340,6420,MS1 annotation,2.000,[M+NH4]+ [M+Na]+ dm/z=4.9551
6342,6605,MS1 annotation,4.000,[M+NH4]+ [M+Na]+ dm/z=4.9561
6360,6405,MS1 annotation,4.000,[M+Na]+ [M+H]+ dm/z=21.9828
6360,8067,MS1 annotation,4.000,[M+NH4]+ [M+H]+ dm/z=17.0272
6360,6459,MS1 annotation,4.000,[M-H2O+H]+ [M+H]+ dm/z=18.0098
6378,9216,MS1 annotation,3.000,[M+H]+ [M+Na]+ dm/z=21.9841
6381,6808,MS1 annotation,2.000,[M+Na]+ [M+H]+ dm/z=21.9829
6387,6498,MS1 annotation,5.500,[M+K]+ [2M+Na]+ dm/z=498.3376
6387,6508,MS1 annotation,5.500,[M+H]+ [2M+Na]+ dm/z=536.2934
6392,6682,MS1 annotation,2.000,[M+Na]+ [M+H]+ dm/z=21.9818
6402,9618,MS1 annotation,3.000,[M+NH4]+ [M+Na]+ dm/z=4.9550
6405,8067,MS1 annotation,4.000,[M+NH4]+ [M+Na]+ dm/z=4.9557
6405,6459,MS1 annotation,4.000,[M-H2O+H]+ [M+Na]+ dm/z=39.9926
6406,6817,MS1 annotation,2.000,[M+Na]+ [M+H]+ dm/z=21.9819
6411,7795,MS1 annotation,2.000,[M+NH4]+ [M+Na]+ dm/z=4.9564
6416,7763,MS1 annotation,2.000,[M+Na]+ [M+NH4]+ dm/z=4.9552
6417,6570,MS1 annotation,3.000,[M+NH4]+ [M+Na]+ dm/z=4.9544
6426,11566,MS1 annotation,3.000,[M+H]+ [M+Na]+ dm/z=21.9804
6446,6535,MS1 annotation,2.500,[M+Na]+ [M-H2O+H]+ dm/z=39.9928
6458,7752,MS1 annotation,5.500,[2M+Na]+ [M+H]+ dm/z=508.2668
6459,8067,MS1 annotation,4.000,[M+NH4]+ [M-H2O+H]+ dm/z=35.0370
6464,6670,MS1 annotation,2.000,[M+Na]+ [M+H]+ dm/z=21.9821
6466,9108,MS1 annotation,2.500,[M-2H2O+H]+ [M+Na]+ dm/z=58.0099
6468,6745,MS1 annotation,2.000,[M+Na]+ [M+H]+ dm/z=21.9822
6476,9257,MS1 annotation,3.500,[M-H2O+H]+ [M-2H2O+H]+ dm/z=18.0115
6476,11588,MS1 annotation,3.000,[M+Na]+ [M-2H2O+H]+ dm/z=58.0041
6479,10785,MS1 annotation,4.000,[M-CO+K]+ [M-H2O+H]+ dm/z=27.9720
6480,9100,MS1 annotation,4.000,[M+K]+ [M+NH4]+ dm/z=20.9283
6480,9764,MS1 annotation,4.000,[M+Na]+ [M+NH4]+ dm/z=4.9579
6484,9286,MS1 annotation,2.000,[M+NH4]+ [M+Na]+ dm/z=4.9555
6487,11058,MS1 annotation,2.500,[M-H2O+H]+ [M+Na]+ dm/z=39.9926
6494,9631,MS1 annotation,3.500,[M+Na]+ [M-H2O+Na]+ dm/z=18.0076
6494,7770,MS1 annotation,4.000,[M-H2O+NH4]+ [M-H2O+Na]+ dm/z=4.9562
6498,6508,MS1 annotation,5.000,[M+H]+ [M+K]+ dm/z=37.9558
6499,7702,MS1 annotation,4.000,[M+Na]+ [M+H]+ dm/z=21.9815
6509,6756,MS1 annotation,3.000,[M+Na]+ [M+H]+ dm/z=21.9817
6518,7722,MS1 annotation,2.000,[M+NH4]+ [M+H]+ dm/z=17.0275
6521,6606,MS1 annotation,3.500,[M+H]+ [M-H2O+H]+ dm/z=18.0100
6521,6607,MS1 annotation,3.500,[M+Na]+ [M-H2O+H]+ dm/z=39.9927
6527,7050,MS1 annotation,2.000,[M+NH4]+ [M+Na]+ dm/z=4.9566
6544,10059,MS1 annotation,2.000,[M+Na]+ [M+H]+ dm/z=21.9817
6551,9111,MS1 annotation,4.000,[M+Na]+ [M+H]+ dm/z=21.9817
6558,6623,MS1 annotation,2.000,[M+NH4]+ [M+Na]+ dm/z=4.9549
6559,8130,MS1 annotation,2.500,[M+Na]+ [M-H2O+H]+ dm/z=39.9929
6567,11026,MS1 annotation,2.500,[M-H2O+H]+ [M+Na]+ dm/z=39.9921
6570,9163,MS1 annotation,3.000,[M+Na]+ [M+NH4]+ dm/z=4.9591
6577,9285,MS1 annotation,2.000,[M+NH4]+ [M+Na]+ dm/z=4.9555
6578,8519,MS1 annotation,2.000,[M+Na]+ [M+H]+ dm/z=21.9805
6588,10111,MS1 annotation,4.500,[M-CO2+H]+ [M+Na]+ dm/z=65.9710
6606,6607,MS1 annotation,3.000,[M+Na]+ [M+H]+ dm/z=21.9827
6608,6804,MS1 annotation,3.500,[M+Na]+ [M-H2O+H]+ dm/z=39.9932
6608,11598,MS1 annotation,4.000,[2M-CO2+H+Na]2+ [M-H2O+H]+ dm/z=7.0037
6615,9780,MS1 annotation,3.000,[M+H]+ [M+H]+ dm/z=0.0028
6615,8516,MS1 annotation,3.000,[M+Na]+ [M+H]+ dm/z=21.9818
6618,6784,MS1 annotation,6.000,[2M+Na]+ [2M+H]+ dm/z=21.9805
6618,10974,MS1 annotation,5.500,[M+H]+ [2M+H]+ dm/z=519.3312
6643,7923,MS1 annotation,4.000,[M+NH4]+ [M+H]+ dm/z=17.0278
6645,8089,MS1 annotation,3.000,[M+Na]+ [M+Na]+ dm/z=0.0012
6645,8705,MS1 annotation,3.000,[M+NH4]+ [M+Na]+ dm/z=4.9527
6646,7398,MS1 annotation,2.000,[M+NH4]+ [2M+H]+ dm/z=372.1972
6654,10737,MS1 annotation,2.000,[M+H]+ [M+Na]+ dm/z=21.9796
6656,8487,MS1 annotation,2.000,[M+Na]+ [M+H]+ dm/z=21.9807
6668,11112,MS1 annotation,2.500,[M-H2O+H]+ [M+Na]+ dm/z=39.9936
6669,6732,MS1 annotation,3.000,[M+Na]+ [M+Na]+ dm/z=0.0008
6673,8779,MS1 annotation,2.000,[M-H2O+H]+ [M+NH4]+ dm/z=35.0374
6674,8585,MS1 annotation,2.000,[M+Na]+ [M+H]+ dm/z=21.9807
6679,8656,MS1 annotation,2.000,[M+NH4]+ [M+Na]+ dm/z=4.9524
6690,7861,MS1 annotation,2.000,[M+H]+ [M+NH4]+ dm/z=17.0265
6691,9643,MS1 annotation,2.000,[M-2H2O+H]+ [M+Na]+ dm/z=58.0030
6781,10754,MS1 annotation,2.000,[M+Na]+ [M+H]+ dm/z=21.9799
6784,10974,MS1 annotation,5.500,[M+H]+ [2M+Na]+ dm/z=541.3117
6788,7126,MS1 annotation,6.500,[2M+Na]+ [M+K]+ dm/z=366.3357
6795,12580,MS1 annotation,2.500,[M+Na]+ [M-H2O+H]+ dm/z=39.9926
6797,10036,MS1 annotation,3.000,[M+Na]+ [M+NH4]+ dm/z=4.9546
6799,7679,MS1 annotation,3.000,[M+H]+ [M+Na]+ dm/z=21.9840
6800,8667,MS1 annotation,2.000,[M+NH4]+ [M+Na]+ dm/z=4.9544
6804,11598,MS1 annotation,3.500,[2M-CO2+H+Na]2+ [M+Na]+ dm/z=32.9895
6814,12700,MS1 annotation,2.000,[M+Na]+ [M+H]+ dm/z=21.9849
6837,9344,MS1 annotation,2.000,[M+NH4]+ [M+Na]+ dm/z=4.9551
6845,11692,MS1 annotation,3.500,[M+H]+ [M-H2O+Na]+ dm/z=3.9702
6845,11634,MS1 annotation,3.500,[M+NH4]+ [M-H2O+Na]+ dm/z=13.0575
6849,12708,MS1 annotation,2.000,[M-2H2O+H]+ [M+Na]+ dm/z=58.0038
6858,7148,MS1 annotation,3.500,[M-2H2O+H]+ [M+Na]+ dm/z=58.0017
6864,8987,MS1 annotation,2.000,[M+H]+ [M+Na]+ dm/z=21.9809
6871,7618,MS1 annotation,3.000,[M+H]+ [M+Na]+ dm/z=21.9818
6889,7399,MS1 annotation,3.000,[2M-2H2O+Na]+ [2M-2H2O+Na]+ dm/z=0.0003
6889,8301,MS1 annotation,3.000,[M+H]+ [2M-2H2O+Na]+ dm/z=406.2200
6910,8718,MS1 annotation,2.000,[M+NH4]+ [M+Na]+ dm/z=4.9562
6927,7487,MS1 annotation,4.000,[M+Na]+ [M+NH4]+ dm/z=4.9561
6927,7434,MS1 annotation,4.000,[M+H]+ [M+NH4]+ dm/z=17.0265
6942,11625,MS1 annotation,3.000,[M+H]+ [M+Na]+ dm/z=21.9833
6942,8817,MS1 annotation,3.000,[M+NH4]+ [M+Na]+ dm/z=4.9533
6956,7600,MS1 annotation,2.000,[M+Na]+ [M+H]+ dm/z=21.9821
6957,9365,MS1 annotation,2.000,[M+Na]+ [M+H]+ dm/z=21.9820
6967,8143,MS1 annotation,2.000,[M+NH4]+ [M+Na]+ dm/z=4.9549
6984,8214,MS1 annotation,2.000,[M-H2O+H]+ [M+NH4]+ dm/z=35.0378
6994,9267,MS1 annotation,2.500,[M-H2O+H]+ [M+Na]+ dm/z=39.9854
7089,11083,MS1 annotation,2.500,[M-H2O+H]+ [M+Na]+ dm/z=39.9938
7101,8707,MS1 annotation,3.000,[M+NH4]+ [M+Na]+ dm/z=4.9513
7108,9975,MS1 annotation,2.500,[M+Na]+ [M-H2O+H]+ dm/z=39.9945
7128,7834,MS1 annotation,2.000,[M+Na]+ [M+H]+ dm/z=21.9849
7154,12704,MS1 annotation,2.000,[M+NH4]+ [M-H2O+H]+ dm/z=35.0395
7250,7956,MS1 annotation,3.000,[M+H]+ [M+H]+ dm/z=0.0014
7258,9387,MS1 annotation,2.500,[M-H2O+NH4]+ [2M+Na]+ dm/z=334.2106
7363,11079,MS1 annotation,4.000,[M-H2O+H]+ [M+Na]+ dm/z=39.9927
7363,11100,MS1 annotation,4.500,[M-H2O+H]+ [M+Na]+ dm/z=39.9915
7363,9153,MS1 annotation,4.000,[M+Na]+ [M+Na]+ dm/z=0.0022
7398,7456,MS1 annotation,2.000,[2M-2H2O+Na]+ [M+H]+ dm/z=392.2035
7399,8301,MS1 annotation,3.000,[M+H]+ [2M-2H2O+Na]+ dm/z=406.2196
7434,7487,MS1 annotation,4.000,[M+Na]+ [M+H]+ dm/z=21.9826
7563,11597,MS1 annotation,2.000,[M+H]+ [M+Na]+ dm/z=21.9791
7626,7749,MS1 annotation,3.500,[M+H]+ [M-H2O+H]+ dm/z=18.0105
7661,11582,MS1 annotation,3.500,[2M+Na]+ [M+H]+ dm/z=642.2756
7668,7685,MS1 annotation,7.500,[2M+Na]+ [M+H]+ dm/z=400.2611
7670,11505,MS1 annotation,6.000,[3M+H]+ [2M+H]+ dm/z=453.2854
7684,7696,MS1 annotation,2.000,[M+NH4]+ [M+Na]+ dm/z=4.9537
7688,7694,MS1 annotation,9.000,[M+Na]+ [M+Na]+ dm/z=0.0002
7688,8226,MS1 annotation,9.500,[M-2H2O+H]+ [M+Na]+ dm/z=58.0058
7688,8534,MS1 annotation,9.000,[M+NH4]+ [M+Na]+ dm/z=4.9580
7688,8561,MS1 annotation,9.000,[M+NH4]+ [M+Na]+ dm/z=4.9579
7688,8551,MS1 annotation,9.000,[M+NH4]+ [M+Na]+ dm/z=4.9575
7688,7730,MS1 annotation,9.000,[M+Na]+ [M+Na]+ dm/z=0.0000
7688,8336,MS1 annotation,9.500,[M-2H2O+H]+ [M+Na]+ dm/z=58.0045
7688,12773,MS1 annotation,9.000,[M-2H2O+H]+ [M+Na]+ dm/z=57.9999
7689,8136,MS1 annotation,2.000,[M+Na]+ [M+NH4]+ dm/z=4.9553
7694,8226,MS1 annotation,9.500,[M-2H2O+H]+ [M+Na]+ dm/z=58.0060
7694,8561,MS1 annotation,9.000,[M+NH4]+ [M+Na]+ dm/z=4.9581
7694,8534,MS1 annotation,9.000,[M+NH4]+ [M+Na]+ dm/z=4.9582
7694,8551,MS1 annotation,9.000,[M+NH4]+ [M+Na]+ dm/z=4.9577
7694,7730,MS1 annotation,9.000,[M+Na]+ [M+Na]+ dm/z=0.0001
7694,8336,MS1 annotation,9.500,[M-2H2O+H]+ [M+Na]+ dm/z=58.0047
7694,12773,MS1 annotation,9.000,[M-2H2O+H]+ [M+Na]+ dm/z=58.0001
7701,8967,MS1 annotation,2.000,[M+Na]+ [M+NH4]+ dm/z=4.9562
7730,8226,MS1 annotation,9.500,[M-2H2O+H]+ [M+Na]+ dm/z=58.0059
7730,8534,MS1 annotation,9.000,[M+NH4]+ [M+Na]+ dm/z=4.9581
7730,8561,MS1 annotation,9.000,[M+NH4]+ [M+Na]+ dm/z=4.9579
7730,8551,MS1 annotation,9.000,[M+NH4]+ [M+Na]+ dm/z=4.9576
7730,8336,MS1 annotation,9.500,[M-2H2O+H]+ [M+Na]+ dm/z=58.0046
7730,12773,MS1 annotation,9.000,[M-2H2O+H]+ [M+Na]+ dm/z=57.9999
7770,9631,MS1 annotation,3.500,[M+Na]+ [M-H2O+NH4]+ dm/z=22.9638
7789,11592,MS1 annotation,2.000,[M+NH4]+ [M+Na]+ dm/z=4.9585
7802,9230,MS1 annotation,2.000,[M+Na]+ [M+NH4]+ dm/z=4.9548
7804,11583,MS1 annotation,2.000,[M+Na]+ [M+H]+ dm/z=21.9831
7833,8521,MS1 annotation,4.000,[M+Na]+ [M-H2O+H]+ dm/z=39.9910
7833,11679,MS1 annotation,4.000,[M+Na]+ [M-H2O+H]+ dm/z=39.9937
7928,7938,MS1 annotation,2.000,[M+H]+ [M+Na]+ dm/z=21.9847
7942,12411,MS1 annotation,3.000,[M+Na]+ [M-2H2O+H]+ dm/z=58.0054
8089,8705,MS1 annotation,3.000,[M+NH4]+ [M+Na]+ dm/z=4.9515
8137,9758,MS1 annotation,4.000,[M+NH4]+ [M+H]+ dm/z=17.0257
8141,8707,MS1 annotation,3.000,[M+NH4]+ [M+Na]+ dm/z=4.9572
8164,11022,MS1 annotation,3.500,[M+HAc+Na]+ [M+Na]+ dm/z=60.0211
8226,8534,MS1 annotation,9.500,[M+NH4]+ [M-2H2O+H]+ dm/z=53.0478
8226,8561,MS1 annotation,9.500,[M+NH4]+ [M-2H2O+H]+ dm/z=53.0479
8226,8551,MS1 annotation,9.500,[M+NH4]+ [M-2H2O+H]+ dm/z=53.0483
8226,8336,MS1 annotation,10.000,[M-2H2O+H]+ [M-2H2O+H]+ dm/z=0.0013
8228,11414,MS1 annotation,2.000,[M+Na]+ [M+NH4]+ dm/z=4.9550
8336,8534,MS1 annotation,9.500,[M+NH4]+ [M-2H2O+H]+ dm/z=53.0465
8336,8561,MS1 annotation,9.500,[M+NH4]+ [M-2H2O+H]+ dm/z=53.0466
8336,8551,MS1 annotation,9.500,[M+NH4]+ [M-2H2O+H]+ dm/z=53.0470
8336,12773,MS1 annotation,9.500,[M-2H2O+H]+ [M-2H2O+H]+ dm/z=0.0047
8483,9016,MS1 annotation,3.000,[2M+2H]2+ [M-H2O+NH4]+ dm/z=0.9792
8516,9780,MS1 annotation,3.000,[M+H]+ [M+Na]+ dm/z=21.9790
8521,11679,MS1 annotation,4.000,[M+Na]+ [M+Na]+ dm/z=0.0027
8534,8561,MS1 annotation,9.000,[M+NH4]+ [M+NH4]+ dm/z=0.0001
8534,8551,MS1 annotation,9.000,[M+NH4]+ [M+NH4]+ dm/z=0.0005
8534,12773,MS1 annotation,9.000,[M-2H2O+H]+ [M+NH4]+ dm/z=53.0418
8544,12440,MS1 annotation,5.500,[2M+H]+ [2M+Na]+ dm/z=21.9802
8551,8561,MS1 annotation,9.000,[M+NH4]+ [M+NH4]+ dm/z=0.0004
8551,12773,MS1 annotation,9.000,[M-2H2O+H]+ [M+NH4]+ dm/z=53.0424
8573,12862,MS1 annotation,4.000,[M+Na]+ [M+Na]+ dm/z=0.0007
8573,8640,MS1 annotation,4.000,[M+Na]+ [M+Na]+ dm/z=0.0032
8573,9009,MS1 annotation,4.000,[M+H]+ [M+Na]+ dm/z=21.9845
8600,12444,MS1 annotation,6.500,[2M+H]+ [2M+Na]+ dm/z=21.9800
8616,9600,MS1 annotation,7.000,[M+H]+ [M+NH4]+ dm/z=17.0248
8616,12253,MS1 annotation,7.000,[M+Na]+ [M+NH4]+ dm/z=4.9542
8622,9757,MS1 annotation,2.000,[M-2H2O+H]+ [M+Na]+ dm/z=58.0036
8640,12862,MS1 annotation,4.000,[M+Na]+ [M+Na]+ dm/z=0.0039
8640,9009,MS1 annotation,4.000,[M+H]+ [M+Na]+ dm/z=21.9813
8651,11439,MS1 annotation,2.000,[M+H]+ [M-2H2O+NH4]+ dm/z=18.9957
8668,12392,MS1 annotation,2.000,[M-H2O+H]+ [M+Na]+ dm/z=39.9930
8677,10549,MS1 annotation,6.500,[M-H2O+H]+ [M+Na]+ dm/z=39.9928
8686,10033,MS1 annotation,2.000,[M+H]+ [M+Na]+ dm/z=21.9838
8817,11625,MS1 annotation,3.000,[M+H]+ [M+NH4]+ dm/z=17.0300
8977,9239,MS1 annotation,2.000,[M+NH4]+ [M+Na]+ dm/z=4.9552
8996,11906,MS1 annotation,2.000,[M+NH4]+ [M+2H]2+ dm/z=642.3983
8996,11906,MS1 annotation,2.000,[2M+NH4]+ [M+H]+ dm/z=642.3983
9009,12862,MS1 annotation,4.000,[M+Na]+ [M+H]+ dm/z=21.9852
9016,11898,MS1 annotation,3.000,[3M+2H]2+ [2M+2H]2+ dm/z=273.6604
9044,10097,MS1 annotation,5.500,[M-H2O+NH4]+ [M+NH4]+ dm/z=18.0104
9050,9309,MS1 annotation,2.000,[M+Na]+ [M+H]+ dm/z=21.9813
9153,11079,MS1 annotation,4.000,[M-H2O+H]+ [M+Na]+ dm/z=39.9949
9153,11100,MS1 annotation,4.500,[M-H2O+H]+ [M+Na]+ dm/z=39.9937
9257,11588,MS1 annotation,3.500,[M+Na]+ [M-H2O+H]+ dm/z=39.9925
9600,12253,MS1 annotation,7.000,[M+Na]+ [M+H]+ dm/z=21.9790
9948,12373,MS1 annotation,8.000,[M+Na]+ [M-H2O+H]+ dm/z=39.9918
10021,12432,MS1 annotation,2.000,[M+Na]+ [M+H]+ dm/z=21.9839
10135,11276,MS1 annotation,9.500,[M-H2O+H]+ [2M+Na]+ dm/z=420.2864
10357,11912,MS1 annotation,2.000,[M+NH4]+ [M-2H2O+H]+ dm/z=53.0482
10741,12521,MS1 annotation,3.000,[M+Na]+ [M+Na]+ dm/z=0.0028
10796,12444,MS1 annotation,6.000,[2M+H]+ [M-H2O+H]+ dm/z=731.5471
10846,11108,MS1 annotation,3.000,[M+H]+ [M+Na]+ dm/z=21.9845
10846,11970,MS1 annotation,3.000,[M+NH4]+ [M+Na]+ dm/z=4.9565
10850,11932,MS1 annotation,3.000,[M+NH4]+ [M+Na]+ dm/z=4.9531
10853,11185,MS1 annotation,3.500,[M-2H2O+H]+ [M-H2O+H]+ dm/z=18.0085
11001,11893,MS1 annotation,7.000,[2M+Na]+ [2M+H]+ dm/z=21.9883
11079,11100,MS1 annotation,4.500,[M-H2O+H]+ [M-H2O+H]+ dm/z=0.0012
11108,11970,MS1 annotation,3.000,[M+NH4]+ [M+H]+ dm/z=17.0280
11186,11196,MS1 annotation,6.000,[2M+K]+ [2M+Na]+ dm/z=15.9750
11409,12414,MS1 annotation,2.000,[M-H2O+H]+ [M+Na]+ dm/z=39.9944
11573,11594,MS1 annotation,3.500,[M+H]+ [2M+Na]+ dm/z=628.2639
11573,12841,MS1 annotation,2.000,[M+H]+ [M+Na]+ dm/z=21.9879
11634,11692,MS1 annotation,3.000,[M+H]+ [M+NH4]+ dm/z=17.0278
12048,12870,MS1 annotation,2.500,[M+Na]+ [M-H2O+H]+ dm/z=39.9910
12441,12442,MS1 annotation,5.000,[M+H]+ [M+H]+ dm/z=0.0001
